Date,Rice,Wheat,Atta (Wheat),Gram Dal,Tur/Arhar Dal,Urad Dal,Moong Dal,Masoor Dal,Sugar,Milk @,Groundnut Oil (Packed),Mustard Oil (Packed),Vanaspati (Packed),Soya Oil (Packed),Sunflower Oil (Packed),Palm Oil (Packed),Gur,Tea Loose,Salt Pack (Iodised),Potato,Onion,Tomato,Month,Year
2010-01-01,22.222222222222232,18.518518518518512,10.000000000000009,5.307321166351997,74.34715821812597,68.6250257678829,88.26135105204872,,74.60317460317458,16.666666666666675,12.797167425391986,-12.685622194083113,-3.0732860520094607,0.0,-6.451612903225811,16.666666666666675,,25.69316081330868,9.090909090909083,84.12698412698411,13.315696649029963,33.33333333333333,1,2009
2010-02-01,21.111111111111125,22.222222222222232,12.749999999999995,-3.0303030303030276,30.427046263345183,47.336065573770504,66.01642710472278,,95.78454332552691,16.666666666666675,17.279124315871776,-12.143290831815424,-2.4390243902439046,0.0,-7.6612903225806495,14.861111111111125,,21.071428571428562,9.090909090909083,34.00000000000001,5.780346820809257,-25.555555555555554,2,2010
2010-03-01,11.111111111111116,18.71345029239766,14.999999999999991,-5.882352941176472,12.794918330308525,38.377192982456144,65.79481157254192,,58.73780561242923,16.666666666666675,20.96635030198446,-15.268046276682423,-2.2083510663451045,0.0,-7.166123778501632,15.515125261713948,,18.045112781954884,9.090909090909083,1.2145748987854255,-13.354815610454708,-60.67755595886267,3,2010
2010-04-01,8.108108108108114,16.666666666666675,11.5,-5.882352941176472,19.83240223463687,39.93288590604027,77.69999999999999,,41.11111111111112,16.666666666666675,17.983870967741943,-13.718487394957979,-1.7857142857142905,0.0,-3.362068965517251,6.794871794871793,,-5.309734513274334,9.090909090909083,-8.285714285714285,-9.090909090909093,-0.7142857142857117,4,2010
2010-05-01,5.263157894736836,12.777777777777777,10.000000000000009,-5.882352941176472,16.129032258064523,43.75,68.25688073394495,,24.329896907216497,16.666666666666675,12.947448591012956,-7.823129251700678,-4.82758620689655,0.0,4.859813084112141,-8.743169398907103,,-15.789473684210531,2.564102564102577,-4.444444444444439,6.000000000000005,70.0,5,2010
2010-06-01,5.263157894736836,16.666666666666675,10.250569476082006,-5.882352941176472,15.874177029992698,53.40314136125652,64.7829647829648,,19.669117647058833,16.666666666666675,20.749479528105486,-6.2987012987012925,3.7398373983739797,0.0,10.962566844919785,-2.892561983471076,,-16.52173913043479,0.0,-6.363636363636371,9.090909090909083,52.40641711229947,6,2010
2010-07-01,5.263157894736836,19.196717771539618,17.966830466830473,-5.698949291914124,-0.177600177600179,37.460815047021946,41.85055496828751,,15.397923875432529,16.666666666666675,30.022334902812986,-4.10116199589885,6.972851008079206,0.0,15.146217418944685,-1.0663292969456006,,-17.24137931034483,0.0,-13.636363636363635,0.0,53.55113636363635,7,2010
2010-08-01,6.297348484848486,15.789473684210531,17.04545454545454,-5.8171745152354575,-20.535521485640253,18.90243902439026,15.75211575211577,,3.409090909090895,16.666666666666675,42.2799422799423,6.818181818181834,8.777997364953883,0.0,32.00757575757576,15.043290043290058,,-17.525773195876294,0.0,-15.340909090909093,18.560606060606055,-18.181818181818176,8,2010
2010-09-01,-2.3255813953488413,15.789473684210531,18.0952380952381,-0.48754424631002324,-21.750625826231264,22.219791438780724,14.56282359804566,,-7.8540507111935725,10.236220472440948,38.83146556413881,5.3221288515406195,7.873474299467076,0.0,34.62301587301588,15.75963718820863,,-20.066611157368865,0.0,-20.726672171758885,65.07936507936508,14.28571428571428,9,2010
2010-10-01,-2.7272727272727337,18.157894736842106,17.249999999999986,-3.6800000000000055,-25.653594771241828,14.273504273504267,-0.8333333333333415,,-7.109004739336489,0.0,41.55555555555554,4.926470588235277,11.851851851851848,0.0,23.803191489361698,28.074074074074073,,-22.580645161290324,0.0,-40.88414634146341,7.187500000000013,12.916666666666664,10,2010
2010-11-01,5.769230769230771,9.523809523809534,17.359413202933993,0.5555555555555536,-33.47685683530679,-12.926829268292671,-23.842999414176912,-30.060422960725084,-7.922272047832591,0.0,30.670685757347414,10.625470987189157,23.163841807909602,0.0,26.998223801065734,40.312093628088434,,-23.688394276629566,0.0,-25.66964285714286,26.694915254237284,-14.999999999999991,11,2010
2010-12-01,0.0,12.121212121212132,12.249443207126953,5.555555555555558,-33.26271186440678,-11.485534727489421,-23.29359976258778,-32.35294117647059,-5.080213903743314,0.0,16.8193717277487,7.419053549190546,28.11004784688995,0.0,26.959247648902828,38.87272727272728,,-23.41437632135306,6.818181818181812,-20.45454545454546,58.56643356643356,45.45454545454546,12,2010
2011-01-01,0.0,12.5,4.784688995215314,5.976095617529897,-25.68687688383957,-11.497876721142708,-18.885448916408677,-32.04334365325078,-13.444976076555015,0.0,10.313901345291487,5.207646671061306,31.996148908857514,0.0,29.401088929219597,45.488721804511286,,-23.529411764705888,16.666666666666675,-28.300816696914698,66.43456891255377,39.25438596491227,1,2010
2011-02-01,0.917431192660545,9.090909090909083,1.9955654101995624,13.095238095238093,-2.419760178071373,-5.424200278164126,-12.248152849656602,-26.470588235294112,-26.59279778393351,0.0,8.771929824561408,8.100243698395971,38.01169590643274,0.0,33.67042059296714,50.44867307325145,,-23.303834808259584,16.666666666666675,6.4414768263943545,-6.241012366983034,-9.269442262372362,2,2011
2011-03-01,10.000000000000009,12.315270935960587,-4.150197628458496,18.75,3.1083156585972382,-1.8657253997982903,-15.304688871977989,-0.181818181818183,-14.684784108152849,0.0,8.29334716638568,15.328671328671328,36.47793212590118,0.0,30.063795853269546,40.66477272727271,,-21.3375796178344,16.666666666666675,10.977272727272712,-19.346356123215624,4.9650349650349535,3,2011
2011-04-01,10.000000000000009,4.761904761904767,-1.3452914798206317,15.104166666666675,-3.651903651903654,3.277378097521977,-21.21553179516038,-3.3333333333333326,-8.661417322834641,0.0,15.136325662641447,12.49086924762599,33.73737373737373,0.0,32.02497769848351,36.05442176870748,,-2.8037383177570097,16.666666666666675,0.20768431983384517,-9.999999999999998,-48.840927258193446,4,2011
2011-05-01,10.000000000000009,8.374384236453203,0.0,7.440476190476186,-7.738095238095233,-6.35451505016722,-23.664122137404586,-8.882783882783885,-3.814262023217241,0.0,21.247150242430067,13.653136531365305,34.05797101449275,0.0,34.284016636957794,41.77359566581123,,8.333333333333325,16.666666666666675,0.40605389442598394,-12.848158131177001,-57.98319327731092,5,2011
2011-06-01,10.000000000000009,4.761904761904767,0.4132231404958553,9.801136363636353,-9.911616161616166,-13.879408418657569,-23.608349900596426,-12.07815275310834,-1.9969278033794113,0.0,17.586206896551726,17.394317394317383,28.996865203761747,0.0,36.22489959839357,38.40425531914893,,8.333333333333325,16.666666666666675,-21.682847896440126,-15.909090909090907,-59.64912280701755,6,2011
2011-07-01,10.000000000000009,0.8333333333333304,-1.302157589582753,22.562674094707535,-13.85945682620875,-14.70923603192703,-23.294309689596236,-9.506398537477146,3.9408866995073843,0.0,14.10266188696514,15.710382513661191,32.9607273269245,0.0,39.34996220710507,33.26330532212884,,8.333333333333325,16.666666666666675,-20.394736842105267,-8.333333333333337,-69.90881458966565,7,2011
2011-08-01,7.795100222717144,0.0,-1.747572815533982,25.882352941176467,-7.336956521739124,-12.82051282051282,-15.683962264150942,-5.444126074498568,3.956043956043964,0.0,11.561866125760645,12.54693366708386,29.901589704769105,0.0,27.28120516499284,24.590780809031052,,8.333333333333325,16.666666666666675,-6.979865771812078,7.539936102236422,-31.63194444444445,8,2011
2011-09-01,4.761904761904767,0.0,-2.620967741935487,39.27394752898108,-0.016338801385529234,-12.177261878932521,-10.682252184480067,-0.0849617672047498,9.228187919463092,0.0,9.318894271872335,17.414168278529974,29.30097790655559,0.0,25.490721511355275,26.306651233193822,0.4753416518122444,8.333333333333325,16.666666666666675,5.0662878787878896,-16.346153846153843,-21.200284090909093,9,2011
2011-10-01,3.842159916926269,-2.0044543429844075,2.3454157782516027,52.4547803617571,1.3675213675213627,-7.4316463059918565,-1.0043041606886738,-3.015194681861344,11.309523809523814,0.0,8.42490842490844,20.532585844428873,20.309050772626946,0.0,21.386800334168754,16.05937921727396,16.740740740740744,11.111111111111116,16.666666666666675,1.0830324909747224,-27.15419501133787,64.00164001640015,10,2011
2011-11-01,5.227272727272725,-6.521739130434778,-2.083333333333337,46.96132596685083,5.177993527508096,-4.481792717086841,5.692307692307708,-1.295896328293722,1.4610389610389518,11.428571428571432,24.50980392156863,27.72479564032697,15.061162079510693,0.0,17.34265734265734,15.755329008341047,13.861386138613874,11.979166666666675,16.666666666666675,-19.819819819819816,-51.50501672240802,58.49673202614378,11,2011
2011-12-01,0.0,-6.563706563706573,-8.333333333333337,44.736842105263165,3.809523809523818,-8.703635695923628,1.2863913337846977,-1.9668737060041463,0.1877934272300541,28.57142857142858,33.55742296918767,28.927919311364224,10.308123249299705,0.0,18.083480305702526,15.295701941420692,-14.728682170542628,5.615942028985499,9.219858156028371,-28.9795918367347,-68.69848270068776,-71.42857142857143,12,2011
2012-01-01,0.0,-8.333333333333337,-4.566210045662111,42.797783933518005,0.40950040950042954,-7.022900763358775,-1.3740458015267132,-3.6446469248291535,-0.6633499170812573,28.57142857142858,48.01026957637997,38.29639889196677,7.4398249452954035,0.0,18.022440392706862,10.249784668389307,6.779661016949157,2.3076923076922995,0.0,-24.252491694352162,-76.61498708010336,-72.28346456692914,1,2011
2012-02-01,0.0,-8.333333333333337,-2.60869565217392,36.8421052631579,-9.1243561442237,-5.07352941176471,-4.788575667655792,-10.599999999999998,-2.0668953687821623,28.57142857142858,51.57096774193548,37.89703903095556,6.002824858757072,0.0,12.640990371389282,5.046531302876467,18.347457627118647,0.0,0.0,-19.372693726937275,-50.751533742331304,47.64069264069264,2,2012
2012-03-01,0.0,-8.333333333333337,7.9587628865979365,36.8421052631579,-5.047169811320762,-7.412831241283124,-7.478660538411042,-9.836065573770492,4.254992319508455,28.57142857142858,59.86916951080774,36.866359447004605,6.364749082007348,0.0,17.081545064377668,12.785878741366075,12.244897959183664,0.0,0.0,-6.692607003891049,-19.203539823008853,216.0759493670886,3,2012
2012-04-01,2.5252525252525304,0.0,13.636363636363647,50.2262443438914,-8.709677419354843,-17.182662538699688,-8.571428571428575,-6.896551724137934,5.363984674329503,28.57142857142858,64.64379947229548,40.25974025974026,9.969788519637458,0.0,20.420420420420427,28.431372549019596,0.8000000000000007,0.0,0.0,23.834196891191727,11.111111111111116,164.06250000000006,4,2012
2012-05-01,4.545454545454541,0.0,18.181818181818187,69.88793754721732,-3.6559139784946293,-17.14285714285714,-8.571428571428575,-5.025125628140703,10.188087774294674,28.57142857142858,53.49576271186442,40.25974025974026,12.039312039312033,0.0,19.469026548672574,25.020112630732093,-7.66331658291457,0.0,0.0,28.793449197860976,12.675726335520142,60.00000000000001,5,2012
2012-06-01,11.038961038961027,0.0,17.695473251028805,77.81063266186166,3.2202088964527587,-16.55029250802037,-6.89345354277039,4.761904761904767,10.344827586206895,28.57142857142858,48.38709677419355,40.25974025974026,13.226870335011288,0.0,16.127583108715182,21.510925661579016,-7.8947368421052655,0.0,12.244897959183664,52.813852813852826,-0.4290004290004368,50.76604554865425,6,2012
2012-07-01,20.661157024793386,1.0330578512396604,15.677966101694917,66.47727272727273,18.46458362788066,-9.090909090909083,3.764048679922838,11.111111111111116,12.494614390348978,28.57142857142858,42.479946524064175,40.25974025974026,13.933415536374838,0.0,11.686374484703844,21.387283236994215,0.8552631578947478,0.0,14.28571428571428,73.1404958677686,0.0,186.36363636363637,7,2012
2012-08-01,29.54545454545454,10.35353535353536,7.246376811594213,70.3011422637591,24.193548387096776,-0.7352941176470562,15.726495726495738,14.320987654320994,32.70579549649315,28.57142857142858,41.722222222222236,32.11009174311927,11.89458689458689,0.0,12.006612936557136,16.555924695459588,-7.268170426065157,0.0,14.28571428571428,62.25749559082892,-23.384168482207702,78.15021725636254,8,2012
2012-09-01,33.83838383838382,13.636363636363647,4.347826086956519,48.64560973116632,16.434073057271405,-6.39141086611904,13.741496598639458,13.492063492063489,25.985663082437284,28.57142857142858,42.518248175182485,38.34234234234233,13.450980392156886,0.0,14.206527154957648,13.899169339583839,-6.479400749063657,0.0,14.28571428571428,44.97020679985981,-17.24137931034483,-4.766912022432523,9,2012
2012-10-01,39.5,15.909090909090917,10.416666666666675,37.28813559322035,13.069139966273191,-10.282796543597804,10.144927536231885,14.5654834761322,21.60427807486629,28.57142857142858,33.98648648648648,40.697674418604656,19.862385321100895,0.0,13.227804542326215,6.5697674418604635,-16.96700507614213,-2.500000000000002,14.28571428571428,52.500000000000014,-5.447470817120625,-43.75,10,2012
2012-11-01,36.7170626349892,30.232558139534895,19.14893617021276,36.842105263157876,20.769230769230763,-6.011730205278609,10.189228529839877,13.785557986870888,21.279999999999987,15.384615384615397,26.77165354330708,29.066666666666663,12.159468438538212,0.0,11.084624553039335,-3.7630104083266613,-20.000000000000007,-3.2558139534883734,14.28571428571428,52.80898876404494,28.965517241379303,-22.886597938144337,11,2012
2012-12-01,47.272727272727266,27.27272727272727,27.27272727272727,22.363636363636363,27.155963302752294,-3.1305309734513287,14.264705882352935,15.311510031678988,13.814432989690694,0.0,23.32214765100671,25.66765578635013,13.14711359404097,0.0,8.33515881708653,-13.436830835117764,-7.499999999999996,-1.8867924528301883,14.28571428571428,64.94252873563218,65.05535055350553,116.56250000000003,12,2012
2013-01-01,54.54545454545454,20.85561497326205,20.85561497326205,20.32863581902209,15.593513098551014,-3.284072249589498,14.705882352941169,16.784869976359328,11.95129136796622,0.0,18.453140145910908,15.122684026039046,13.509843856076031,0.0,4.991087344028511,-14.08088235294117,-1.9841269841269882,-2.2556390977443663,14.28571428571428,63.72549019607845,100.06499837504062,63.83689839572191,1,2013
2013-02-01,54.54545454545454,24.090909090909097,19.64285714285716,22.115384615384627,11.076923076923073,-4.415182029434539,15.470022205773514,16.33109619686801,16.306156405990023,0.0,18.641326324302444,12.19286045433472,9.113924050632916,0.0,12.06496519721576,-9.869931140015298,6.1224489795918435,0.0,14.28571428571428,53.4782608695652,165.68047337278108,-44.56824512534819,2,2013
2013-03-01,46.4114832535885,22.72727272727273,9.243697478991585,12.955465587044523,15.616911130284738,3.8677887759996477,23.587657668762073,15.555555555555545,8.163439392646943,0.0,12.266968791842636,12.037037037037045,3.797468354430378,0.0,9.932088285229202,-11.676646706586824,14.28571428571428,0.0,14.28571428571428,43.40898116851761,82.62523779327834,-65.91699513099931,3,2013
2013-04-01,41.87192118226599,19.377990430622006,8.000000000000007,-4.216867469879526,19.927468848800455,0.9345794392523477,24.424342105263165,19.415204678362574,7.138755980861244,0.0,0.9615384615384581,14.961013645224174,-2.6604973973394896,0.0,5.013781336133349,-20.016070711128965,25.864661654135347,0.0,14.28571428571428,34.375688174410904,46.31578947368422,-12.270320772345066,4,2013
2013-05-01,39.13043478260869,21.900826446280973,7.692307692307687,-10.972762645914392,16.26420454545454,3.4482758620689724,25.0,25.757575757575758,6.401137980085347,0.0,0.0,16.666666666666675,-5.921052631578949,0.0,3.2828282828282873,-21.62162162162162,35.84415584415586,0.0,14.28571428571428,5.047359543272356,47.59825327510918,172.02380952380955,5,2013
2013-06-01,30.99415204678364,25.681818181818183,15.576923076923087,-16.768292682926823,13.737553342816522,4.825870646766162,22.75622254758418,21.863636363636353,6.25,0.0,-1.26811594202898,16.666666666666675,-7.453625632377725,0.0,6.0053191489361835,-17.057654075546726,47.81954887218045,0.0,1.81818181818183,16.600566572237963,94.57345971563981,208.02114803625375,6,2013
2013-07-01,21.061643835616415,21.06339468302658,18.706293706293707,-23.61774744027304,-0.6892230576441061,-1.6911764705882404,9.42126514131898,18.999999999999993,0.40214477211797384,0.0,-9.490968801313638,20.959595959595955,-7.592975206611574,0.0,10.453850076491577,-10.129870129870133,40.597758405977594,0.0,0.0,1.4319809069212264,150.0,31.56966490299822,7,2013
2013-08-01,12.280701754385959,15.331807780320371,22.475106685632994,-31.40243902439024,-10.321257689678742,-9.239766081871348,-3.8637953821037185,16.630669546436284,-14.881780250347699,0.0,-15.587282592997587,17.59259259259258,-6.589835505377062,0.0,8.661876092445153,-8.188523565445694,41.678520625889036,0.0,0.0,-19.67963386727688,286.1312047892243,4.969741426737562,8,2013
2013-09-01,8.679245283018865,12.00000000000001,26.973684210526304,-31.921331316187597,-8.744122554224187,-7.027942421676547,-5.263157894736848,15.384615384615374,-12.944523470839265,0.0,-15.101721439749605,9.169054441260748,-3.675538656527255,0.0,11.517696460707839,4.845115170770442,41.47924878274982,0.0,0.0,-20.884658454647255,325.0,62.24163647986365,9,2013
2013-10-01,-2.580645161290329,11.568627450980395,14.150943396226424,-30.555555555555557,-4.6308724832214825,6.067769897557129,-0.1315789473684159,16.923076923076906,-10.949868073878621,0.0,-16.868381240544615,4.958677685950419,0.8036739380022917,0.0,9.573304157549224,9.656301145662848,51.444291609353485,0.0,0.0,-6.088992974238883,270.0,199.60000000000005,10,2013
2013-11-01,-5.213270142180093,1.8796992481203034,7.8947368421052655,-29.077501445922504,-7.7438819979886,14.295098119714256,6.2365292359034985,19.12955465587045,-12.928759894459096,0.0,-22.11987769936349,4.958677685950419,3.607161664033698,0.0,5.714931104585497,16.647692442420524,59.32494279176201,-8.906882591093124,0.0,48.60681114551084,152.46270757106672,104.8972699127498,11,2013
2013-12-01,-4.475308641975307,10.71428571428572,14.087301587301582,-20.505200594353635,-10.1010101010101,21.103117505995208,12.741312741312738,12.884615384615383,-10.869565217391308,0.0,-25.0,4.958677685950419,-0.8064516129032251,0.0,-0.4246284501061681,21.212121212121215,42.972972972972975,-15.384615384615385,0.0,11.70731707317072,18.544600938967125,-0.2525252525252597,12,2013
2014-01-01,-6.57439446366782,16.5929203539823,20.353982300884944,-20.54054054054054,-3.6277602523659414,19.924098671726775,12.971342383107087,3.619909502262453,-9.333333333333337,0.0,-27.212415244330135,4.958677685950419,-3.8461538461538436,0.0,0.8448540706605279,19.08391405342624,32.42835595776772,-15.384615384615385,4.779411764705888,-9.880239520958089,-10.185185185185187,-39.14728682170543,1,2014
2014-02-01,-5.882352941176472,13.55311355311355,20.52238805970148,-20.86614173228346,2.4930747922437657,24.797406807131274,22.435897435897445,-1.057692307692304,-9.728183118741063,0.0,-29.41376959781867,4.958677685950419,-1.392111368909521,0.0,-3.4161490683229823,17.317487266553467,36.02564102564101,-15.384615384615385,6.25,-10.19830028328611,-35.85746102449888,-10.552763819095468,2,2014
2014-03-01,-0.6535947712418277,12.345679012345666,23.076923076923084,-14.874551971326166,1.2793176972281328,25.23089840470194,24.78575650118202,6.41025641025641,-5.687511597699036,0.0,-27.91233435270133,4.958677685950419,7.101865136298424,0.0,-5.249667434541383,24.626121635094723,32.49999999999999,-12.637362637362637,6.25,4.614775203010479,2.8390522875817004,21.648659463785513,3,2014
2014-04-01,0.0,14.228456913827658,18.518518518518512,-5.660377358490565,-0.8068736915561758,31.562500000000004,25.578321216126888,23.983839373163573,4.62218649517685,0.0,-26.523809523809526,2.289105553200499,12.357397504456324,0.0,-3.9670041244844523,22.085593731163343,13.349263241736352,-15.384615384615385,6.25,20.15117994100295,10.2068345323741,6.609424920127793,4,2014
2014-05-01,0.0,11.86440677966103,14.28571428571428,-3.8461538461538436,-3.2376298106291945,32.31481481481482,25.0,32.53012048192772,2.777777777777768,0.0,-25.40257648953301,0.7936507936507908,11.538461538461542,0.0,-5.449606085302905,17.816091954022983,1.4234119396643319,-15.384615384615385,6.25,28.079710144927517,9.927679158448388,-58.13274981765135,5,2014
2014-06-01,0.0,8.499095840867987,6.489184692179695,-6.538461538461537,-5.449770190413661,40.365448504983384,23.35629304946776,30.54830287206265,0.0,0.0,-25.87155963302752,-15.873015873015872,8.86479591836733,0.0,-8.324552160168608,10.906040268456362,-3.3570701932858604,-15.384615384615385,6.25,19.64285714285714,15.089514066496168,-67.4562306900103,6,2014
2014-07-01,-0.4243281471004168,11.486486486486491,3.6818851251841034,-7.596067917783744,-0.06309148264984632,39.34181002243831,25.15375153751538,27.272727272727295,-0.1335113484646211,0.0,-20.682148040638605,-18.058455114822536,5.086640581330348,0.0,-11.634349030470915,3.4682080924855585,-1.6829052258636068,-15.384615384615385,6.25,27.05882352941178,6.280991735537178,35.656836461126005,7,2014
2014-08-01,0.0,9.126984126984139,8.130081300813007,-5.444444444444441,8.210535230352312,43.82397861779306,31.906032670224803,25.27777777777778,0.0,0.0,-17.15305274478174,-16.447944006999126,6.986586328096989,0.0,-11.593684837652674,-0.48111837327522444,-3.346720214190091,-15.384615384615385,6.25,67.8062678062678,-41.08527131782945,141.98113207547172,8,2014
2014-09-01,0.0,10.71428571428572,6.798555503218728,-7.454545454545459,14.33331066838921,47.91356184798809,37.184343434343425,24.62121212121211,0.0,0.0,-13.016338500209468,-15.71224051539012,2.1650717703349143,0.0,-17.653674996332335,-19.855371900826434,-8.031643872351834,-15.384615384615385,6.25,65.30110017371162,-57.75401069518716,-10.777992692886318,9,2014
2014-10-01,5.96026490066226,6.326889279437609,7.438016528925617,-3.125,16.81914144968333,34.00817236255573,27.140974967061915,24.177631578947366,0.5555555555555536,0.0,-4.74294813466789,-15.994094488188981,-1.765375854214124,0.0,-15.127309036445336,-10.447761194029848,-10.422343324250672,-15.384615384615385,6.25,46.50872817955112,-52.57757757757757,-60.9479305740988,10,2014
2014-11-01,4.814814814814805,12.177121771217703,12.543554006968648,-5.096839959225274,14.607558139534893,19.35664112388251,24.345549738219894,29.052204285849136,3.0303030303030276,37.037037037037045,-2.4197530864197514,-16.535433070866144,0.7623888182973326,0.0,-13.728632478632473,-14.969135802469136,-14.721723518850983,-7.1111111111111125,6.25,-4.523533950617287,-55.8714232627276,-52.73199023199023,11,2014
2014-12-01,-1.0133646644147398,3.2258064516129004,6.434782608695655,-8.41121495327103,19.254341164453525,13.531353135313529,24.636778746367803,36.2862010221465,2.965631929046575,37.037037037037045,-2.770562770562768,-16.535433070866144,6.3245697392039,0.0,-9.38166311300639,-17.85714285714286,6.117889671764898,0.0,6.25,14.926558157999214,-15.39153915391539,-1.2658227848101222,12,2014
2015-01-01,-5.555555555555558,3.2258064516129004,6.617647058823528,-4.87528344671202,16.939443535188236,18.037974683544288,25.96795727636849,52.40174672489084,3.125,37.037037037037045,0.5661513752258651,-16.11857341361741,6.363636363636371,0.0,-7.360781327001487,-11.587930508991173,-0.6833712984054663,0.0,1.403508771929829,30.8970099667774,27.491408934707916,88.53503184713377,1,2015
2015-02-01,-0.6249999999999978,0.6451612903225712,2.9819129868013716,5.572139303482571,19.729729729729726,17.33766233766234,15.81151832460732,58.89212827988337,4.120443740095081,37.037037037037045,5.263157894736836,-10.314960629921256,5.117647058823516,0.0,-6.7524115755627,-11.939218523878425,-5.749293119698395,0.0,0.0,23.97476340694005,50.34722222222221,40.44943820224718,2,2015
2015-03-01,-2.9761904761904767,0.15698587127157548,-6.25,10.76190476190475,23.55555555555555,17.743403093721575,9.625582516471166,33.476764199655776,0.1691143747218682,37.037037037037045,5.42718968296616,-12.598425196850393,2.2071253149618775,0.0,-2.088174241720109,-18.400000000000006,-13.297394429469911,-3.1446540880503138,0.0,4.248030147310722,31.356693620844567,26.994047619047624,3,2015
2015-04-01,-6.25,0.0,-6.25,11.222222222222221,25.64745196324143,19.503826867247298,9.55555555555556,6.900145924536183,-12.408759124087588,37.037037037037045,7.690645927846185,-11.301528485409918,3.9939713639788987,0.0,-0.9643916913946504,-18.15196998123827,-7.877169559412545,0.0,0.0,-25.105280207321012,16.451335055986217,-6.9988137603796075,4,2015
2015-05-01,-6.25,1.4814814814814836,-5.555555555555558,30.77777777777777,51.92901234567901,44.156752974107775,15.833333333333321,6.44444444444443,-14.149443561208264,37.037037037037045,12.844036697247718,-9.4488188976378,6.002554278416361,0.0,0.6953223767383054,-16.58536585365853,-2.188940092165903,0.0,0.0,-18.31683168316831,16.447368421052634,58.84146341463414,5,2015
2015-06-01,-6.25,6.666666666666665,-3.125,39.917695473251015,58.90151515151514,41.312533620225935,14.074757729580067,26.66666666666666,-13.101604278074863,37.037037037037045,20.882088208820893,10.205831903945107,8.96309314586996,0.0,2.298850574712641,-10.67253472699765,-4.909090909090907,0.0,0.0,-15.487497577049824,20.4040404040404,55.92635212888377,6,2015
2015-07-01,-6.818181818181824,6.666666666666665,-4.829545454545459,52.224371373307555,60.35353535353536,39.02308105206656,19.16461916461918,21.068427370948385,-16.577540106951872,37.037037037037045,23.78774016468437,9.936305732484074,8.829787234042552,0.0,2.298850574712641,-10.195530726256985,-6.396396396396398,0.0,3.208556149732633,-22.037037037037045,4.821150855365475,-42.984189723320156,7,2015
2015-08-01,-12.5,3.7454545454545407,-5.102040816326525,53.77203290246768,65.94795539033456,35.62421185372004,18.724519510774606,24.057649667405755,-17.499999999999993,37.037037037037045,25.11210762331839,12.90052356020941,6.6242038216560495,0.0,2.5608194622279257,-12.963604852686316,-6.25,0.0,5.882352941176472,-37.58064516129033,62.562499999999986,-68.88888888888889,8,2015
2015-09-01,-12.5,2.8862478777589073,-6.204057630108794,58.67025126667356,77.47844186738031,36.38075036457642,14.936905079080587,26.207006878899385,-10.835913312693501,37.037037037037045,18.549950950197335,12.101910828025474,7.614663634851082,0.0,6.0733072660271725,-10.448976268978715,0.2867279000826173,0.0,5.882352941176472,-35.073123741133195,117.89917832556074,-19.185836444658545,9,2015
2015-10-01,-12.5,7.1770334928229484,-7.692307692307687,53.53480475382002,106.2143310082435,77.11638764270343,27.188437414780473,29.522481700941093,-6.639526994281275,37.037037037037045,19.503534956794976,12.478031634446406,7.826086956521738,0.0,8.23529411764705,-9.999999999999998,-0.7404442665599364,0.0,5.882352941176472,-33.348264277715565,45.313150951256766,90.37336932073774,10,2015
2015-11-01,-8.22816759212518,5.803571428571419,-10.71428571428571,47.15743440233238,90.01721170395871,98.28916318751135,18.9642857142857,24.327409907673967,-5.882352941176472,0.0,21.634615384615373,31.435309973045843,7.007746352008648,0.0,9.243697478991608,-9.53268539475436,-2.857142857142858,0.0,5.882352941176472,-18.68659171922128,99.54285714285716,207.03330411919367,11,2015
2015-12-01,-2.077151335311578,6.481481481481488,-8.932461873638342,51.70068027210883,76.16125844177235,96.33936261843239,11.570604742961098,22.129629629629633,-3.823338816609345,0.0,25.59612149995054,30.51523947750363,1.5888778550148919,0.0,8.583877995642686,-2.995169082125604,-15.316100903145424,0.0,5.882352941176472,-17.53342288748161,30.37037037037036,63.53276353276354,12,2015
2016-01-01,0.0,6.68103448275863,-11.260404280618319,47.63470469771074,74.09811539296831,76.92289914024222,2.5473749611680585,10.438691828870649,7.210031347962387,0.0,20.878548987105106,29.703535863211417,3.103448275862064,0.0,4.779025517708302,-6.806683530821456,3.72904144258146,0.0,5.882352941176472,-18.317871521092254,-4.56362115438238,102.7958993476235,1,2015
2016-02-01,-5.660377358490565,6.570512820512819,-9.810126582278478,35.31708630671875,64.78555304740408,66.81160566052655,-2.3508137432188048,9.829619921363042,12.524461839530332,0.0,14.15465268676277,23.102972532296494,4.005116316252311,0.0,5.9113300492610765,0.1878154712994462,3.214285714285703,0.0,5.882352941176472,-11.66848418756815,-22.137908281095342,-6.000000000000005,2,2016
2016-03-01,-4.1257668711656486,5.438871473354223,0.0,29.10576096302666,46.00719424460431,62.287480680061826,-4.57343887423044,13.326885880077377,17.794561933534723,0.0,15.27997469155331,16.720720720720728,3.6074270557029164,0.0,4.792899408284024,4.827586206896539,4.60103626943007,0.0,5.882352941176472,-6.145251396648044,-30.48837209302325,-11.87250996015936,3,2016
2016-04-01,-3.3333333333333326,6.666666666666665,0.0,39.52713952713953,54.80693459416863,74.20494699646645,-2.0283975659229236,22.984919396775872,40.74074074074075,0.0,24.40655299231027,8.58694516971279,1.4895330112721483,0.0,4.32792342904702,18.68831582298631,4.4283413848631215,0.0,5.882352941176472,24.336793540945777,-20.315581854043398,8.163265306122458,4,2016
2016-05-01,-2.777777777777779,5.109489051094895,-0.7352941176470562,31.2659303313509,37.399695276790254,56.78640776699029,-8.719424460431647,11.315240083507305,42.66666666666665,0.0,20.746054519368727,5.362318840579716,2.8674698795180475,0.0,3.9548022598870025,20.326678765880235,10.31802120141343,0.0,5.882352941176472,23.272727272727288,-22.881355932203395,66.64107485604606,5,2016
2016-06-01,-9.999999999999998,3.125,-3.2258064516129004,30.294117647058805,25.514501390544297,43.121431290445386,-9.341963322545855,-6.385964912280695,45.31282051282049,0.0,18.409034499875897,7.974059662775623,1.5770609318996431,0.0,3.707865168539315,16.01231716705158,12.734225621414907,0.0,5.882352941176472,16.223241590214087,-41.4317673378076,101.5990159901599,6,2016
2016-07-01,-7.179386309992131,0.6048387096774244,-1.9162253249879635,56.963151207115615,23.85826771653543,42.867106738074476,-5.6192439862543075,0.382234874534193,50.46526054590572,0.0,20.718594282717007,13.729301386760362,4.8028673835125435,0.0,4.639362087712939,14.950082777303964,17.824210624359658,0.0,2.5906735751295207,22.381426710596884,-45.66861299894707,-7.262257505450876,7,2016
2016-08-01,0.0,3.9991859163529098,-1.664932362122784,58.00683320761415,11.394380853277841,28.00647860709948,-19.475895463932215,-0.2680965147453085,53.067678684376986,0.0,19.354838709677423,14.357262103505853,10.358422939068102,0.0,3.696991663646254,17.99051913516014,32.35993208828523,0.0,0.0,30.532633158289578,-63.612010269003235,-19.576719576719583,8,2016
2016-09-01,4.92610837438423,0.9787185615113048,-0.8204518430440011,52.403905574094686,-11.371811329867686,9.933335299843659,-26.737326746918622,-4.409869800180766,38.996647509578565,0.0,19.21807935998132,14.16666666666666,9.715380405035589,0.0,2.7863839375527943,36.931034482758626,32.710830086023094,0.0,0.0,33.17302772945872,-67.97587753208597,-0.3278688524590234,9,2016
2016-10-01,7.14285714285714,-0.23510971786833146,1.1494252873563315,73.22888449618077,-27.39110149722187,-16.759643242629096,-34.25799964511741,-12.867005679076494,35.7142857142857,0.0,18.30037862852334,14.16666666666666,8.045977011494255,0.0,0.9370314842578775,28.352490421455933,23.426028921023367,0.0,0.0,15.007415647015222,-57.523990298428764,-34.482758620689644,10,2016
2016-11-01,6.501650165016493,-7.651195499296759,-2.1647058823529464,86.94403169886083,-24.6316425120773,-29.370408513559898,-33.22926048233763,-17.39849083722602,32.70833333333334,0.0,16.44268774703559,-1.666239425788263,7.121212121212106,0.0,0.15384615384614886,27.019867549668874,12.00000000000001,0.0,0.0,-4.542235710672737,-63.19587628865979,-81.95675444230358,11,2016
2016-12-01,9.285714285714274,-7.0302795031055965,-3.1100478468899517,81.80653427290198,-28.775300297542504,-34.79068091373421,-34.94223168136211,-18.119787717968162,28.974588695227244,0.0,15.758851200792257,-0.9730330831248191,7.219662058371723,0.0,0.7624398073836414,26.906659077973828,9.084604715672672,0.0,0.0,-11.470014627011205,-43.963715805471125,-66.28919860627178,12,2016
2017-01-01,18.333333333333336,-1.9907407407407374,-0.9111617312072884,68.86930115160122,-36.90700596921144,-34.63246724405952,-31.621730788649916,-13.57889733840304,19.184535412605584,0.0,13.430694858588588,-0.8485150985774959,9.11371237458194,0.0,1.930239898989905,27.28951629224854,-2.581551090948364,0.0,0.0,-21.425318761384325,-28.980408388520974,-56.04194972826087,1,2016
2017-02-01,19.999999999999996,5.263157894736836,0.0,28.913764510779426,-43.42973110096398,-35.123749341758824,-29.595336076817556,-17.622793835999882,21.238146358919295,0.0,12.90130543861887,-2.2924095771777897,10.000854043897856,0.0,0.6086706861900826,18.466445355724794,-1.3917723952326044,0.0,0.0,-16.140832190214905,-16.070307595731325,130.73286052009453,2,2017
2017-03-01,19.098363616660063,6.1394380853277974,2.1505376344086002,17.25693661177532,-39.513148797177124,-36.43010752688171,-27.419354838709676,-13.785794118780604,21.358661029709847,0.0,10.004072093764371,5.742513121333737,11.168921262573717,0.0,0.2515271289974752,10.627122241086596,6.102635228848818,0.0,0.0,-11.491935483870963,-6.172093374631704,148.6729277256023,3,2017
2017-04-01,21.305418719211833,6.25,6.666666666666665,10.282986703034425,-44.41060975166346,-39.82179078527963,-29.79148181011534,-15.721836303231662,4.633458646616551,0.0,1.0154720313279908,12.001308044473525,9.816116053720192,0.0,0.15955325089749284,-5.226854690374005,6.168080185042402,0.0,0.0,-25.93426981182082,-10.25459688826026,-13.477088948787063,4,2017
2017-05-01,19.428571428571438,2.9166666666666563,6.666666666666665,0.6213592233009768,-46.928365491239745,-46.108118149730636,-28.499369482976043,-19.467366841710422,3.3489096573208865,0.0,-0.23764258555133422,11.82943603851443,7.940969782150398,0.0,-0.4710144927536297,-4.305346070051952,4.9967969250480415,0.0,-4.2592592592592515,-34.95575221238939,-19.56043956043956,-76.43400138217001,5,2017
2017-06-01,34.69135802469137,-1.7171717171717282,7.55555555555556,-5.30474040632053,-50.023212627669444,-44.39243222157208,-29.581151832460726,-21.814092953523247,1.9409937888198892,0.0,-3.758358312197374,4.6511627906976605,8.962597035991537,0.0,-0.325027085590468,-4.817518248175179,6.654228855721378,0.0,-6.851851851851853,-34.73227206946456,-10.71428571428572,-44.83221476510067,6,2017
2017-07-01,28.671328671328666,-2.2044088176352727,5.399568034557234,-27.641972826243066,-50.710579742837815,-46.64365170694285,-31.969695403665067,-29.58289519803715,1.7384731670445852,0.0,-8.233760590918958,-2.024584237165583,1.1429327920215337,0.0,-3.1520609629373086,-7.105136821891489,2.7246376811594253,0.0,-5.555555555555558,-36.08815426997245,-14.534883720930225,177.5862068965517,7,2017
2017-08-01,28.57142857142858,-9.001956947162427,-4.867724867724865,-30.019657399606846,-48.29518916394208,-44.517081400253055,-22.780332507958956,-33.6108220603538,0.3005259203606281,0.0,-9.524847428073235,-4.379562043795615,-5.425934268562271,0.0,-3.0408947920307683,-4.6055854973052535,-7.183170856849664,0.0,-5.555555555555558,-34.33908045977012,90.38854805725971,357.76740237691007,8,2017
2017-09-01,22.535211267605625,-6.852248394004279,-2.1640091116173155,-21.848998459167955,-37.43869209809264,-33.01045118531736,-4.850746268656714,-29.204892966360863,3.6006546644844484,0.0,-11.54025127966496,-4.379562043795615,-4.129993229519291,0.0,-1.6362960208255783,-7.0334928229665135,-9.210526315789469,0.0,-5.555555555555558,-36.496350364963504,55.50458715596329,43.31896551724137,9,2017
2017-10-01,19.999999999999996,-7.149735194992779,3.3360389610389563,-33.71986599433584,-38.27467688231715,-32.19197563913801,-2.1339950372208483,-24.3965483479328,0.9752438109527528,0.0,-12.816041848299909,-12.408759124087588,-1.5077379502734245,0.0,-2.7694261107051643,-0.4477611940298498,1.2372956252761913,0.0,-5.555555555555558,-29.086597836289098,101.4379184418746,94.52405634489907,10,2017
2017-11-01,17.136659436008685,-3.304904051172697,4.1526374859708115,-42.87833827893176,-37.10039259674706,-35.00272182906914,-0.20981955518254436,-27.040194884287448,0.706436420722123,0.0,-13.215659651504874,-12.408759124087588,-0.3300330033003229,0.0,-1.8637992831541217,3.990267639902667,10.294117647058831,0.0,-5.185185185185182,-18.100890207715135,175.3812636165577,303.65448504983385,11,2017
2017-12-01,9.80392156862746,-3.992535862846469,0.22988505747127963,-47.514033680834004,-30.895765660582384,-33.16854385003411,-5.710866963994354,-23.49137931034483,-2.048975512243878,0.0,-11.185504456626338,-11.774039987305617,2.9493133089615764,0.0,1.9280682239525282,4.053724903441314,12.7101738387005,0.0,-2.490421455938696,-5.242917574669914,168.44472500591806,74.81956696070569,12,2017
2018-01-01,1.4084507042253502,-10.236612702366132,2.0000000000000018,-42.702336606840504,-20.649819494584833,-26.69950738916256,-2.7408993576017004,-21.233386496544394,-7.826086956521738,0.0,-13.970545769563946,-9.775808133472363,-0.6748971193415665,0.0,0.9429726088908907,-0.4034582132564912,11.704180064308666,0.0,-4.629629629629628,21.680672268907575,173.1267605633803,-35.359477124183016,1,2018
2018-02-01,0.0,-11.428571428571432,5.802469135802468,-31.282205212867076,-11.569506726457401,-22.99242424242425,0.8280565026790088,-18.52779168753129,-14.049586776859503,0.0,-12.285789612443976,-5.839416058394164,-1.1956521739130532,0.0,1.3983220135836971,-0.17582417582417964,10.043668122270756,0.0,0.0,24.6819338422392,91.62303664921465,-63.934426229508205,2,2018
2018-03-01,1.5468607825295688,-10.141987829614596,5.2087114337568075,-24.362155205583047,-11.432183001916474,-23.335355326396346,2.6206896551724146,-15.610500516393566,-15.293856293041742,0.0,-10.56612883756488,-5.96526554241128,-1.2082414331056057,0.0,2.187615869484616,12.792115249231628,8.789722785665987,0.0,-4.980842911877403,21.750058911318824,16.96651674162919,-56.16188211313062,3,2018
2018-04-01,2.3350253807106647,-10.446247464503045,0.0,-30.487594266305905,-10.396589784577914,-24.125477889440983,2.546167674456612,-19.64199322689889,-18.122264655869323,0.0,-10.928681375064143,-6.493833375283165,1.4280738418669392,0.0,2.632554690396738,26.750489384128894,3.989181879648407,0.0,-5.555555555555558,47.214170692431544,5.248226950354606,-9.283489096573206,4,2018
2018-05-01,3.349282296650702,-8.221235470811006,2.9233870967741993,-33.59146424969809,-7.916908186511728,-23.04099809854222,2.02252944188428,-18.415793981098894,-24.593431703818958,0.0,-11.432479368055448,-5.535055350553508,1.5625,0.0,4.771187336331728,25.428005045954215,-3.3438957664980618,0.0,-1.3539651837524258,63.923633969716946,13.69645690111052,1.031122883360136,5,2018
2018-06-01,-1.0082493125572856,-4.522096608427539,4.752066115702469,-30.194676201827576,1.5327450069670068,-20.94002104524727,7.57434944237918,-13.4228187919463,-16.831683168316836,0.0,-10.876856732151408,-3.0303030303030276,1.0362694300518172,0.0,4.057971014492745,27.300613496932513,-1.7492711370262426,0.0,1.3916500994035852,63.63636363636365,17.176470588235304,-33.09002433090025,6,2018
2018-07-01,1.0869565217391353,1.6393442622950838,4.815573770491799,-29.456133386264394,2.1510297482837615,-18.65564342199856,6.472196900638094,-4.479840716774519,-10.401188707280829,0.0,-9.161931818181813,-2.3862238622386234,5.497382198952883,0.0,7.796852646638053,31.886304909560724,0.6772009029345272,0.0,0.0,61.85344827586208,45.351473922902485,-64.97849976110845,7,2018
2018-08-01,0.0,8.50574712643677,12.24732461355529,-25.489843360823606,1.923496246456713,-12.768188311773432,11.156744119923555,-2.4164054336468177,-8.477334366524591,0.0,-7.051127624483444,-3.1897491821155977,7.1084365949769746,0.0,13.428262436914196,28.057817888326376,-5.259417199715699,0.0,1.2170385395537497,51.57322870293519,-43.04974258305864,-70.33955205985325,8,2018
2018-09-01,-9.195402298850574,12.873563218390792,9.0803259604191,-29.219242902208208,-14.02439024390243,-18.56925418569254,-8.017429193899794,-8.585313174945997,-13.586097946287513,0.0,-3.8663861125723287,-4.316925506712299,6.497175141242928,0.0,14.215500945179581,19.81471950591869,-12.173913043478269,0.0,3.44827586206895,60.91954022988506,-34.365781710914455,-49.022556390977435,9,2018
2018-10-01,-12.724014336917566,11.922663802363044,1.1242560070541474,-26.142803173403863,-12.699747687132035,-16.99463327370303,-6.495098039215685,-6.009013520280426,-12.481426448736999,0.0,-0.824999999999998,7.41935483870968,5.019556714471962,0.0,15.219721329046077,16.830294530154276,-15.453586497890292,0.0,5.882352941176472,58.18181818181818,-41.51150054764513,-66.0909090909091,10,2018
2018-11-01,-8.429118773946364,18.959814469832324,6.569560047562417,-15.450067174205106,-3.0547142835180785,-0.23392826199964967,-0.8584437806328005,-4.093028610903227,-13.000241889966945,0.0,1.2902935755068956,7.126436781609202,3.31125827814569,0.0,13.951789627465306,11.677666080389848,-14.71264367816093,0.0,5.46875,36.61919040479762,-54.00480139676998,-59.81268624946786,11,2018
2018-12-01,-7.685185185185183,13.7641723356009,14.736238532110079,-0.04375303840543632,6.582357533177219,13.92533583255231,10.361482848792502,-5.402816901408447,-9.263305322128856,0.0,-1.5369393139841647,7.112709832134301,0.7255626469600207,0.0,8.622529404631996,-2.292446941323356,-10.062930186823992,0.0,2.5540275049115824,21.931818181818173,-61.572016460905346,-17.700305810397555,12,2018
2019-01-01,-7.706093189964158,11.16680390963447,6.47269660552392,-1.0752688172043112,5.976107311632273,10.301768990634752,7.810968594196099,-5.890754546087928,-7.5416366956233,0.0,6.441218253005787,4.4672898938401095,1.0082649929966658,0.0,7.829181494661919,-1.4784946236559127,-14.814195776923512,0.0,4.854368932038833,14.418107289253257,-63.669754072181405,179.71278533919195,1,2019
2019-02-01,-9.82142857142857,11.520737327188924,7.005334222370396,7.829270321990167,17.455085482468856,8.997962195207654,6.304347826086953,4.074106594082005,-6.909340659340668,0.0,7.35540383872213,1.5503875968992276,2.192362093352185,0.0,7.902735562310026,4.5244385733157255,-7.780612244897956,0.0,0.0,6.071428571428572,-50.8635831381733,80.07305194805194,2,2019
2019-03-01,-7.706093189964158,13.503968542925794,-0.24840434707605885,4.027434264765217,20.740615696264708,11.905051734631789,9.181697306046921,0.27581923793518204,-4.085438703849409,0.0,8.944077023439977,1.6862955032119986,-8.91507481867091,0.0,6.039608595908064,-6.532296122638492,2.7346177750155354,0.0,5.241935483870974,-4.019354838709699,-16.983550523392445,59.285091543156064,3,2019
2019-04-01,-6.944444444444442,5.534163835409589,2.3958333333333304,7.033816425120754,16.855375832540442,4.129901960784332,2.7056373642718956,1.4248444712020802,2.1035907213218907,0.0,3.521505376344103,2.1570210856886485,-9.070512820512821,0.0,2.8829479768786026,-15.592515592515587,-7.355873428695281,0.0,5.882352941176472,-6.891271056661563,2.358490566037741,122.83653846153845,4,2019
2019-05-01,-8.333333333333337,9.17822838847384,5.76232451844596,12.341582302212228,18.490704142878055,9.872850744112128,6.963613550815562,3.2762430939226483,12.527401676337856,0.0,15.490196078431362,-0.3385416666666696,-9.615384615384615,0.0,3.1248598968841135,-14.725705329153605,-5.06210547749949,0.0,6.470588235294117,-13.681392235609103,20.395348837209305,271.8258426966292,5,2019
2019-06-01,15.134099616858254,10.686314539178209,20.48561518057541,14.69393362510547,28.9554216487365,17.538169690664862,13.502643926416912,2.8181922327872533,4.964001515725647,0.0,15.433815350389324,0.0,-6.797082228116713,0.0,3.1601191047930133,-14.582467802243448,-5.57658856031924,0.0,11.764705882352944,-6.083543594056639,38.7619443290403,136.9905956112853,6,2019
2019-07-01,17.4731182795699,6.552419354838701,10.26392961876834,20.20258863252673,27.06093189964158,23.420238621299163,18.150684931506845,1.980198019801982,-1.9900497512437831,0.0,15.37659629919208,0.0,-5.241935483870974,0.0,2.6211015262110227,-16.37931034482759,-6.109865470852016,0.0,10.436432637571148,-8.921438082556588,7.332293291731684,65.62073669849933,7,2019
2019-08-01,15.370370370370367,7.521186440677985,-2.309322033898298,10.189982728842839,24.27917258803096,20.214252445272486,12.806167400881051,-0.9681881051175734,-3.8407699037620424,3.2432432432432545,13.529048207663784,0.9293156857223428,-8.622466506355197,0.0,-0.5911330049261032,-14.292480757844872,-4.134366925064603,0.0,10.42084168336672,-2.7366255144032903,51.23655913978495,108.11194653299916,8,2019
2019-09-01,28.481012658227844,2.0366598778004175,-0.9605122732123772,6.685236768802216,32.826747720364736,18.084112149532714,21.31691141639034,5.493207324276428,2.15134499869416,16.216216216216207,12.667578659370736,2.738804829588881,-6.21565934065933,0.0,0.5544521681562387,-9.241531664212078,0.8368694012258482,0.0,8.039215686274526,-11.66836734693877,125.76243980738364,64.369995785925,9,2019
2019-10-01,35.523613963039004,3.454894433781197,1.1190233977619535,5.166240409207168,34.87475915221581,31.465517241379317,19.528178243774576,1.4384656366542403,0.5942275042444933,16.216216216216207,8.621124275270976,-0.7007007007007071,-4.686530105524522,0.0,1.8294573643410805,-8.163265306122447,8.60885839051777,0.0,5.555555555555558,-8.045977011494255,100.93632958801497,166.75603217158175,10,2019
2019-11-01,54.70711297071129,-3.0680728667305868,0.10460251046024993,4.449152542372881,27.4500475737393,54.363873208858024,17.551557700745924,7.2629051620648255,1.3901760889712733,16.216216216216207,7.989347536617841,-0.42918454935623185,-1.5915119363395291,0.0,-1.5915119363395291,1.7771998266146616,21.159029649595706,0.0,5.555555555555558,7.133058984910834,161.20996441281136,74.78813559322035,11,2019
2019-12-01,52.7809234154075,2.554540369196334,-1.075268817204289,-10.459984530688393,17.370570340121127,38.17738728916824,15.550108222285974,3.7940832358348553,-0.19349062870014366,16.216216216216207,5.621551766986421,-1.1328527291452173,-8.061396393585829,0.0,2.6953080128238494,22.502950888254713,14.508969664737048,0.0,5.555555555555558,38.33188026736414,472.02965337607685,49.12402669632927,12,2019
2020-01-01,53.49514563106796,8.599033816425106,8.217821782178225,-11.100832562442175,18.73701703365185,49.29245283018868,20.869565217391294,6.38534147695724,3.590664272890476,16.216216216216207,10.8154296875,-0.8743442418186365,-5.938393140679576,0.0,7.218141168955605,37.74442928603909,21.124918247220403,0.0,5.555555555555558,39.87538940809969,243.51648351648353,-30.574712643678158,1,2020
2020-02-01,57.095709570957084,6.226845255058433,2.7448420899959913,-5.912356321839074,10.741049125728551,40.62603163170373,29.172836894436216,6.833712984054663,4.533589778815794,16.216216216216207,11.12311015118792,-2.2637536193735097,-5.653263333731051,0.0,9.572608062166111,26.981532930217345,25.864453665283538,0.0,5.555555555555558,27.89968652037618,130.37810853286493,-3.6441211442960086,2,2020
2020-03-01,53.49514563106796,-2.8484362469927915,6.78933351779476,-3.087429390439256,11.545940999275528,43.315566191667564,26.51135085048646,2.7742863908774673,3.8827282394045426,16.216216216216207,14.372909353706387,-2.2900763358778664,7.378401645224542,0.0,8.231047728376527,19.635762593637217,8.89292196007261,0.0,5.555555555555558,55.90643274853804,98.44112769485906,-5.414462081128734,3,2020
2020-04-01,54.420206659012635,11.79380785189914,9.046091243446286,13.149416028997173,37.54427390791027,63.82252559726962,59.6291151100055,24.334114638823777,18.404609830602638,16.008316008316005,29.137287018356872,-1.19126925036247,11.602179984273754,0.0,16.285445715180956,26.538461538461533,38.164074731238905,8.391608391608397,8.76068376068375,53.71963562753037,69.88656504785537,-53.94573064475977,4,2020
2020-05-01,61.11111111111109,15.959595959595951,6.2200956937799035,16.14071391619243,35.312140942167744,55.0754178556869,58.78787878787879,32.835820895522396,15.186500888099474,16.216216216216207,20.400558919422473,0.3396916644891501,6.312056737588656,0.0,17.95822102425877,29.01234567901234,40.15957446808511,0.0,8.471454880294637,47.11538461538463,32.93413173652695,-61.124121779859486,5,2020
2020-06-01,27.870216306156404,13.678499568841618,-9.23249062537801,5.644983866236419,20.25688073394494,38.79622915155909,45.32620922384702,29.247910863509752,5.0670448684889235,16.216216216216207,24.580135595553564,-0.5022321428571397,1.1028103877623652,0.0,14.962839185953714,23.92301278488049,26.33289986996099,0.0,0.0,34.488272921108766,-21.856287425149702,-46.24149659863945,6,2020
2020-07-01,25.324180015255536,14.380321665089891,1.6843971631205656,3.043071161048694,22.425952045134,34.42335998726978,41.2721417069243,26.724578436382206,9.958012157673735,16.216216216216207,25.344477072509598,0.0,-0.5564648117839632,0.0,13.812551639903713,25.844354194869656,25.85074626865671,0.0,1.2027491408934665,67.52220056313622,-21.398578811369518,14.152785404844703,7,2020
2020-08-01,27.60834670947032,11.428571428571432,16.35220125786163,7.575757575757569,18.95584150558358,26.6637856525497,29.976478787350814,34.078212290502805,9.803125634260201,12.565445026178,27.1979966247482,0.0,5.8299595141700244,0.0,12.754440802012645,32.56955810147299,27.213352685050786,0.0,0.0,72.54601226993864,-25.05947660586837,17.265156263992143,8,2020
2020-09-01,26.269841269841265,12.874251497006007,15.625,15.899042645778948,23.76430205949658,26.542672470650295,27.014187166471437,29.899216125419947,8.816805684275565,0.0,29.88262910798123,-0.6039689387402847,9.56670328329059,0.0,21.52744630071599,33.915032679738545,27.37627118644066,0.0,0.0,89.32439977666107,-10.996563573883178,118.41387856257745,9,2020
2020-10-01,24.0,12.152133580705016,15.392354124748508,22.130350194552516,31.897619047619052,25.01639344262294,29.84649122807015,30.252100840336137,9.873417721518996,0.0,34.53237410071943,0.0,25.97850862911104,0.0,26.30328867235081,31.294117647058826,28.202182653647334,0.0,0.0,75.37962962962963,68.33799316557938,7.3835845896147445,10,2020
2020-11-01,1.9607843137254832,11.869436201780426,12.12121212121211,20.168067226890752,29.976537087399336,1.794253566405457,25.530581773582895,29.826524902070517,10.103813006006778,0.0,31.28412894134227,0.0,20.810069310743163,0.0,26.253850596842533,30.964042346069597,16.129032258064523,0.0,0.0,78.10042070605452,21.280167380303627,-10.112554112554106,11,2020
2020-12-01,2.414231257941557,9.909090909090912,11.64526432435955,29.003714606111576,23.9326046258832,7.908660540239487,27.559358438587054,33.118625872249076,10.701029693486586,0.0,34.36267748478701,0.0,33.666030913962764,0.0,33.278281542572245,34.119383776827284,19.614147909967848,0.0,0.0,31.262677484787016,-54.021378102542414,6.298529057149738,12,2020
2021-01-01,1.9607843137254832,9.503097403453275,11.663447528040404,29.86857825567504,9.79317315916337,-2.688549528991857,19.583121381682545,29.07678032938992,10.605832265842796,0.0,19.965133097694387,-1.2228260869565188,31.779350027889496,0.0,38.43623317921021,26.417098482782375,22.337778195135694,0.0,1.830663615560657,-5.141861140699133,-21.872652924977054,22.50935790382953,1,2020
2021-02-01,1.8853695324283493,9.758035391838193,14.073426573426584,16.36722443777494,12.22672064777328,11.471811725770497,13.438232255788751,21.814006888633752,9.68005724215475,0.0,18.472004186289915,-8.28792806977564,28.403519285247313,0.0,30.468507601613393,19.496881496881493,11.452991452991457,0.0,2.3391812865497075,-9.394527041585865,50.63958513396716,60.73327079424642,2,2021
2021-03-01,3.858317520556609,10.783504473866667,18.907889623008156,19.786338170303086,10.764462574492084,6.892789373814057,10.44960396764778,26.084721729883007,7.796917497733458,0.0,14.658029853333044,3.9818548387096753,29.55337557206006,0.0,45.808899268762815,45.7811014639711,3.8387096774193497,0.0,4.414261460101865,-15.103775943985998,23.97626608724719,26.235316054447132,3,2021
2021-04-01,5.077004779606997,3.4949525848883667,15.346763032446553,4.656395393181301,-7.449417535254444,-4.01785714285714,-7.227426489721567,9.232464193903777,-6.1628345269506335,0.17921146953405742,7.076566125290018,15.6433245517124,30.081216159933355,0.0,42.96059279218591,47.36989020532223,-7.458518818292193,-7.741935483870965,-2.5820937412292966,-29.03880070546737,-22.5463894477979,29.749034749034763,4,2021
2021-05-01,6.486616831444425,0.9112838381130972,14.414414414414424,2.3813602878190787,-4.50477911559145,-0.5702499393351101,-10.74574280681151,12.551618169595713,-5.343692544926171,-2.146690518783534,7.841095075137616,23.13701923076923,48.098732488325545,0.0,45.409004020829194,54.242518614988235,-10.66997518610422,0.0,-3.2258064516129004,-28.355957767722472,-20.304920304920294,-14.272474513438382,5,2021
2021-06-01,7.358490566037723,0.09165902841430373,17.68115942028985,8.364368394564693,2.96460176991149,0.10489510489510856,-7.373737373737377,12.187499999999996,2.1352313167259718,-6.976744186046513,1.7824954936911608,35.79921480650587,58.97959183673471,0.0,46.51777288455487,47.39837398373983,-5.970149253731338,3.3409090909090944,0.0,-29.19540229885058,42.77777777777778,-49.69418960244648,6,2021
2021-07-01,4.17789757412399,1.5567765567765512,17.277992277992293,7.243460764587528,0.1913265306122458,-2.391874180865017,-8.938036345280153,12.27678571428572,-2.2084805653710182,-6.976744186046513,-2.1932547072211817,47.482638888888886,55.51776266061981,0.0,39.98695368558383,41.42796066695169,-7.352941176470584,12.12121212121211,0.0,-40.480961923847694,58.386411889596616,-59.73487986743993,7,2021
2021-08-01,5.297532656023218,0.0,16.32016632016633,7.09642470205849,3.145103645461056,1.0917775503241245,-2.379356568364621,11.730769230769234,0.5545286506469571,-6.976744186046513,-3.8091161994436074,43.32932692307692,47.092578423871466,0.0,41.21027721433401,45.87542087542089,-6.731317741015397,25.33216783216783,0.0,-41.43589743589744,41.26984126984128,-29.89690721649485,8,2021
2021-09-01,7.47957259585168,0.0,16.216216216216207,-1.1924786735552084,-2.7764937906382015,7.16966184380603,-2.577240354562693,22.715517241379303,9.533468559837743,-6.976744186046513,-6.554403983621782,42.53771551724137,32.23051605825287,0.0,23.00566134843025,31.439746474559094,-6.161673261729783,30.909090909090907,0.0,-47.03721632164925,-20.48462255358806,-49.96028594122319,9,2021
2021-10-01,8.803552769070011,0.0,12.30195712954334,-6.811409110259692,-9.20054801921928,-5.8873002523128655,-6.270686646205692,23.750000000000004,8.949096880131368,-6.976744186046513,-8.482389821132209,42.1875,12.953138815207787,0.0,13.628163496726975,29.87796225344117,-11.446360153256707,30.971786833855795,0.3629764065335772,-33.224222585924714,-40.217391304347814,31.141199226305606,10,2021
2021-11-01,13.461538461538458,-0.17683465959328348,-0.37278657968313755,-6.317820110923556,-9.507887341278787,-8.33941930008093,-9.306203073394004,20.64655172413794,5.102736679811426,-6.976744186046513,-8.970884207701602,43.91163793103448,21.81915974421802,0.0,11.73633746973941,18.21000917527089,-9.722222222222221,30.909090909090907,0.0,-39.53834698436337,-39.00222663537342,199.09458678481985,11,2021
2021-12-01,11.600496277915639,-7.609594706368905,-7.721500510874324,-9.79966044142615,-8.119091706461356,-9.238709677419354,-13.484328528940747,17.13709677419355,-1.3546764729740812,-6.976744186046513,-9.07839277303415,48.4375,14.669759705869478,0.0,0.117603416024048,2.2239155589422355,-13.978494623655912,30.909090909090907,0.0,-35.82052484891967,-16.888200063045076,146.0414681729504,12,2021
2022-01-01,9.686609686609682,-7.835820895522383,-12.417685794920041,-8.09567617295308,3.73216245883643,-5.560733146940045,-9.293563579277864,18.105849582172716,-0.6022918377723063,-6.976744186046513,-8.805463879721298,48.98619389678538,11.599652138326167,0.0,-9.651327661768494,-3.87057243797827,-19.426267433406043,30.942760942760938,-1.7977528089887729,0.416080637599614,-20.362194424004578,44.76826553329285,1,2021
2022-02-01,9.765253251559702,-7.231461286804786,-13.692201518288483,2.751756440281028,-1.1801690373118845,-13.694213111253472,-11.479181044398434,16.39962299717248,-1.5733590733590819,-6.976744186046513,-7.409452296819796,57.5499508679987,16.07856923144526,0.0,-5.788177339901479,8.473884003651921,-23.19237510955302,30.909090909090907,-2.28571428571428,3.743842364532024,-29.468742571903984,-38.313520048357844,2,2022
2022-03-01,7.6126674786845205,-1.5557476231633505,-16.74565560821485,-4.170176916596457,-3.8186157517899777,-16.731016731016734,-10.796703296703303,16.225030574806375,-3.2258064516129004,-6.976744186046513,-0.8767123287671263,39.36015511391177,19.292123629112655,0.0,12.555780933062888,18.582955118507314,-16.76676676676676,30.909090909090907,-4.227642276422772,4.123711340206193,-31.14256825075834,-45.347119645494836,3,2022
2022-04-01,-0.22777047744195755,-1.8251681075888593,-17.50433275563258,-3.3064898152534217,-5.924699127746491,-17.22093023255814,-11.516256457003959,8.100233100233112,-4.960835509138384,-6.976744186046513,1.8028169014084439,29.37823421702095,21.207075962539037,0.0,13.894844308320575,12.919288645690852,-14.042069357589536,30.909090909090907,-0.3745318352060045,17.910608508346783,0.33771106941840046,27.633784655061234,4,2022
2022-05-01,-8.15217391304347,-2.6294820717131406,-14.803149606299204,-6.372155287817938,-15.082079343365262,-19.995932479153964,-12.934210526315793,0.08816837315130943,2.0614035087719307,-4.936014625228524,0.5491169977924981,28.138929559134553,15.968468468468465,0.0,12.910244786944691,12.485315712187962,-12.377450980392158,31.666666666666664,0.0,51.74269005847953,24.7246376811594,366.8288288288289,5,2022
2022-06-01,-5.761649171139505,-3.7422037422037424,-19.975147561354444,-12.69813376445368,-15.771379458530287,-16.341769642503145,-14.74680787657887,3.1092373710758237,2.307185234014497,0.0,4.385377112649835,10.577186032519958,10.779585747493314,0.0,15.338061235265933,18.918918918918926,-8.794508794508793,27.556630745546506,0.0,58.23095823095825,-1.6721001156798754,316.33122484186316,6,2022
2022-07-01,0.6635229311855673,-3.080368829808877,-20.01061993893536,-8.957211160200917,-11.028520974928636,-12.051456973004571,-15.507408189746219,1.8867440518181233,-1.4948859166010964,0.0,6.480274606413383,-0.03607435113633928,2.8652059734253,-100.0,11.2249346120314,3.7367866755080525,-17.40911418330773,19.437663469921553,8.82852292020373,63.343108504398835,-3.2128340396091026,-0.35842293906811484,7,2022
2022-08-01,3.928325292901458,-4.5299145299145245,-21.000893655049158,-5.70561456752654,4.384384384384377,4.976937788277658,-8.602814967387562,7.5129087779690185,-2.8186274509804043,0.0,8.241750092695588,3.018867924528301,-4.1369744256610215,-100.0,7.435958822121136,-8.70744373918062,-16.03669724770643,9.889803319849344,10.526315789473696,62.70869819030942,-4.569288389513105,-25.795206971677576,8,2022
2022-09-01,1.8843404808317032,0.47483380816712994,-17.22652885443583,-3.5635270473391767,9.518107648060115,4.962768429357278,-4.455196755606982,-5.98550781199183,-11.219552886219553,0.0,17.142412520563788,4.768404768404788,-4.622851255354932,-100.0,1.3759410147870854,-20.37584774879746,-0.35698348951360703,5.208333333333326,15.789473684210531,69.77299880525688,4.083971453873003,86.94885361552029,9,2022
2022-10-01,2.7010804321728754,1.139601139601143,-9.082526509912391,-11.679610172072474,-2.059646512945845,-1.9511468573130797,-4.574638844301759,-9.764309764309765,-12.584777694046723,0.0,10.047686211296924,-0.9157509157509125,-1.315503370297888,-100.0,2.5352183664726136,-22.37093690248566,-5.372273300883357,5.157970320727623,20.03214788024914,26.22549019607845,-22.169059011164283,-25.88495575221239,10,2022
2022-11-01,0.2259887005649608,8.739297313256579,7.970065481758648,-13.783783783783775,3.8453401036707913,3.7192241985730234,0.02622950819672898,-2.3317851613671614,-7.8383359662980485,0.0,15.377631035905903,-2.012354923249715,-17.319902319902326,-100.0,11.096250298543108,-16.683172856487836,-3.9487179487179502,5.208333333333326,26.84210526315791,26.896551724137918,-3.7783916513198346,-72.28133453561767,11,2022
2022-12-01,5.113952195664262,13.58869420642026,12.745740498034074,-3.1129132875857835,16.333435865887424,7.849628335838177,3.718229623137592,-0.26186378165724555,-1.78287531228708,0.0,10.47972154963681,-6.428571428571428,-18.036623549131857,-100.0,10.10679992161474,-17.976285790537194,2.295386904761898,5.208333333333326,31.578947368421062,44.535981474884224,-17.598533455545372,-64.35828877005348,12,2022
2023-01-01,-2.3018360949395467,9.877146447019381,13.004185340197782,-4.79962721342031,9.917898193760255,2.873185117967325,-0.9023525620367456,-6.347592713077432,-8.750195038227481,-3.4482758620689724,11.379708989435922,-6.914857553527609,-16.02530311017395,-100.0,8.76071398263132,-20.74881149568697,1.1255692908262782,1.5543398267438668,30.85299455535391,13.09881971765796,-14.700973008183048,-28.451047788003102,1,2022
2023-02-01,-0.06261740763932044,9.646609360076397,2.3367983367983403,-10.60740740740741,8.772881355932194,-6.552589256995822,-3.2108108108108158,-11.536842105263156,0.038834951456290234,0.0,17.730232558139548,-1.7945945945945896,-18.673228346456682,-100.0,5.353202614379082,-21.925712640368555,10.84980744544286,5.208333333333326,36.8421052631579,7.506172839506164,-32.039430449068995,84.05095541401273,2,2023
2023-03-01,0.9096816114360085,13.201964036029,6.318082788671009,-5.776149776149775,14.280626780626783,8.674795351765985,6.151547297220228,-6.972212479052187,-0.4938271604938316,0.0,13.037692197448969,-5.013204508856672,-26.855334231013295,-100.0,-26.48458514380303,-35.18321638670353,4.872942696153748,5.208333333333326,36.8421052631579,-4.18565666090418,11.611464621743629,141.1111111111111,3,2023
2023-04-01,8.153360320454395,11.856400566839875,10.243407707910768,-1.4710751620074736,26.56520901560393,18.807852710812732,7.460212201591521,9.38191281717633,4.244031830238737,0.0,6.367956033051536,-7.281541861736263,-29.58388594164457,-100.0,-30.249378716880358,-33.35048893463717,5.044699872286085,5.208333333333326,36.8421052631579,-7.399241555692749,16.988626105795255,-16.59757108715798,4,2023
2023-05-01,8.782051282051295,7.2695035460992985,6.099815157116439,-1.4405204460966492,43.176265270506086,19.695968274950438,14.079895219384419,9.641669745105276,-3.750997605746198,0.0,3.3713877987870067,-15.959729328272,-32.21984851427462,-100.0,-37.36951983298539,-39.81756470089096,1.333333333333342,4.602991944764079,38.0701754385965,-24.64929859719439,-11.631419939577036,-73.50727546412443,5,2023
2023-06-01,4.435483870967749,9.215262778977685,12.034161490683214,5.7568438003220646,44.89795918367348,24.697209057398627,18.392040871201942,8.060747663551403,-4.639175257731953,0.0,0.8131241084165408,-12.676653476540423,-40.32258064516129,-100.0,-42.14678123679392,-39.6103896103896,7.902163687676378,4.482758620689653,42.10526315789473,-33.92857142857143,-16.89839572192513,-40.7182320441989,6,2023
