Title,Rice,Wheat,Atta,Gram Dal,Tur/Arhar Dal,Urad Dal,Moong Dal,Masoor Dal,Sugar,Milk,Groundnut Oil,Mustard Oil,Vanaspati/Dalda,Soya Oil,Sunflower Oil,Palm Oil,Jaggery,Tea,Salt,Potato,Onion,Tomato,Date,Lat,Lon,Zone
Average Price,38.43,32.25,37.07,72.55,111.5,107.33,102.98,94.77,41.69,55.17,188.31,168.24,138.91,151.26,165.35,115.05,48.17,276.61,21.32,24.85,26.66,25.85,2022-12-28,,,
Maximum Price,62,47,66,121,147,153,147,136,55,80,297,258,220,240,258,180,100,580,30,60,77,70,2022-12-28,,,
Minimum Price,22,19,23,58,75,74,79,72,35,30,149,135,92,105,110,80,34,127,10,11,12,6,2022-12-28,,,
Modal Price,35,28,34.5,68,110,115,110,90,40,50,185,170,130,150,167.67,110,45,270,25,20,25,20,2022-12-28,,,
CHANDIGARH,38,28,35,74,114,109,103,96,42,55,194,176,145,155,178,123,53,272,27,25,28,35,2022-12-28,30.7334421,76.7797143,NORTH ZONE
DELHI,34,28,32,72,120,118,103,92,41,52,209,182,143,163,198,112,43,227,26,23,28,23,2022-12-28,28.6517178,77.2219388,NORTH ZONE
HISAR,30,24,28,65,105,90,90,85,40,56,190,152,130,150,190,135,36,240,23,25,22,30,2022-12-28,29.080641,75.7887541,NORTH ZONE
KARNAL,51,27,33,69,120,109,110,110,40,64,175,160,155,153,171,144,49,270,26,30,32,34,2022-12-28,29.6803266,76.9896254,NORTH ZONE
PANCHKULA,30,24,30,64,104,98,96,88,42,54,197,180,175,164,182,120,45,240,27,19,20,26,2022-12-28,30.7137692,76.868276,NORTH ZONE
GURGAON,40,25,35,65,100,95,90,88,42,56,185,165,130,137,163,100,44,190,20,20,20,20,2022-12-28,28.4282624,77.0027001,NORTH ZONE
SHIMLA,36,NR,32,71,114,108,100,95,45,50,196,189,155,146,NR,NR,42,265,25,25,30,35,2022-12-28,31.1041526,77.1709729,NORTH ZONE
MANDI,31,NR,34,70,113,103,96,90,42,43,186,183,136,143,190,135,47,265,27,20,30,28,2022-12-28,31.6723392,76.9533169,NORTH ZONE
DHARAMSHALA,25,NR,29,68,119,103,95,95,42,40,NR,180,148,148,NR,NR,45,200,28,25,30,30,2022-12-28,32.2143039,76.3196717,NORTH ZONE
SOLAN,34,NR,28,70,114,111,90,94,43,45,182,166,153,142,185,NR,46,237,29,25,25,27,2022-12-28,30.9258958,77.0820051,NORTH ZONE
UNA,37,NR,32,77,107,105,101,91,41,59,NR,174,130,142,NR,NR,46,229,27,21,31,26,2022-12-28,31.583333,76.25,NORTH ZONE
BILASPUR-HP,42,NR,31,63,112,99,103,89,41,56,NR,177,130,155,NR,NR,35,326,25,16,28,26,2022-12-28,31.3380959,76.7611631,NORTH ZONE
CHAMBA,26,NR,35,69,107,108,97,89,44,55,NR,183,138,142,157,130,36,227,25,25,28,30,2022-12-28,32.518429,76.2308657,NORTH ZONE
HAMIRPUR-HP,33,NR,31,68,113,110,98,95,41,60,NR,179,137,NR,NR,NR,42,260,27,19,26,29,2022-12-28,,,
KULLU,31,29,35,68,116,108,97,88,42,NR,NR,182,128,150,NR,180,39,NR,25,30,30,30,2022-12-28,,,
SIRMOUR,37,21,34,64,103,102,100,96,42,50,228,170,137,143,155,121,41,327,25,33,26,36,2022-12-28,,,
KINNAUR,31,NR,34,64,115,109,90,81,42,42,NR,159,140,136,NR,133,36,202,26,29,30,39,2022-12-28,,,
LAHAUL & SPITI,32,NR,35,80,110,120,110,110,45,66,NR,200,180,NR,NR,NR,52,373,28,40,40,50,2022-12-28,,,
SRINAGAR,36,35,55,100,130,130,120,120,50,45,250,180,130,170,200,NR,52,360,28,30,30,30,2022-12-28,34.0747444,74.8204443,NORTH ZONE
JAMMU,37,31,37,72,117,120,110,100,46,50,NR,195,147,172,183,117,45,292,28,25,25,25,2022-12-28,32.7185614,74.8580917,NORTH ZONE
POONCH,43,26,37,77,118,116,105,103,46,64,NR,216,173,170,177,152,44,305,19,28,35,35,2022-12-28,33.8572218,73.7604031,NORTH ZONE
KUPWARA,38,25,32,78,110,110,120,97,55,48,NR,195,187,175,190,150,48,307,25,23,28,42,2022-12-28,34.6110236,74.2384787,NORTH ZONE
AMRITSAR,NR,NR,NR,NR,NR,NR,NR,NR,NR,NR,NR,NR,NR,NR,NR,NR,NR,NR,NR,NR,NR,NR,2022-12-28,31.6343083,74.8736788,NORTH ZONE
LUDHIANA,35,22,34,75,115,120,105,103,40,55,205,167,122,147,195,NR,50,320,27,19,22,22,2022-12-28,30.9090157,75.851601,NORTH ZONE
BATHINDA,35,23,29,72,118,117,105,105,41,52,213,167,128,148,198,111,45,283,27,20,30,25,2022-12-28,30.1791154,75.0471016,NORTH ZONE
BARNALA,31,27,29,70,122,143,106,130,43,55,297,157,130,136,180,80,40,269,26,20,25,30,2022-12-28,,,
HOSHIARPUR,NR,NR,NR,NR,NR,NR,NR,NR,NR,NR,NR,NR,NR,NR,NR,NR,NR,NR,NR,NR,NR,NR,2022-12-28,,,
FARIDKOT,36,30,33,67,112,100,95,95,41,57,170,152,143,150,161,135,45,257,25,27,32,27,2022-12-28,,,
MANSA,32,26,29,113,117,110,100,90,40,60,180,135,140,140,158,130,40,267,28,20,23,30,2022-12-28,,,
SRI MUKTSAR SAHIB,NR,NR,NR,NR,NR,NR,NR,NR,NR,NR,NR,NR,NR,NR,NR,NR,NR,NR,NR,NR,NR,NR,2022-12-28,,,
LUCKNOW,32,30,35,67,110,110,100,95,40,63,200,160,124,150,180,124,40,274,26,20,20,20,2022-12-28,26.8381,80.9346001,NORTH ZONE
KANPUR,30,27,30,70,112,118,86,85,40,60,195,165,130,145,160,125,45,230,24,25,25,30,2022-12-28,26.4609135,80.3217588,NORTH ZONE
VARANASI,34,32,37,73,115,97,106,88,48,63,207,176,147,167,198,132,59,250,25,21,21,15,2022-12-28,25.3356491,83.0076292,NORTH ZONE
AGRA,NR,NR,NR,NR,NR,NR,NR,NR,40,63,NR,NR,NR,NR,NR,NR,45,310,27,NR,NR,NR,2022-12-28,27.1752554,78.0098161,NORTH ZONE
JHANSI,36,25,29,65,109,95,96,86,41,51,186,166,133,147,183,133,41,241,25,15,15,19,2022-12-28,25.5301308,78.6524215,NORTH ZONE
MEERUT,33,28,33,77,115,113,113,103,43,64,170,167,143,162,167,NR,46,278,23,25,30,28,2022-12-28,29.0006525,77.7682288,NORTH ZONE
ALLAHABAD,31,33,34,70,109,111,105,86,44,58,185,166,145,148,175,123,46,268,22,24,25,25,2022-12-28,25.4381302,81.8338005,NORTH ZONE
GORAKHPUR,29,27,33,59,102,104,104,87,41,54,179,164,154,159,184,111,43,189,24,24,21,26,2022-12-28,26.6711433,83.3645724,NORTH ZONE
SAHARANPUR,32,27,31,77,98,102,97,103,40,62,161,167,134,160,176,127,46,272,25,21,20,22,2022-12-28,29.9880774,77.5081299,NORTH ZONE
BAREILLY,28,28,34,73,117,117,107,107,39,62,192,163,135,152,182,107,42,333,28,22,21,27,2022-12-28,28.416667,79.383333,NORTH ZONE
AYODHYA,29,30,31,69,107,90,93,89,41,55,185,173,118,154,183,107,43,217,28,20,22,28,2022-12-28,26.7990707,82.2052321,NORTH ZONE
MORADABAD,27,28,30,63,112,110,101,93,40,63,198,155,111,153,175,114,48,282,23,20,21,26,2022-12-28,28.8638424,78.8057783,NORTH ZONE
ALIGARH,33,26,32,77,118,110,100,109,40,59,180,162,142,153,183,137,43,240,26,19,23,20,2022-12-28,27.833333,78.166667,NORTH ZONE
MIRZAPUR (VINDHYANCHAL),35,27,31,66,97,76,85,82,45,44,186,159,159,157,174,146,62,246,23,25,20,11,2022-12-28,25.14582,82.56975,NORTH ZONE
BANDA,34,27,33,67,104,95,95,88,41,61,188,168,132,142,163,141,48,200,22,17,19,13,2022-12-28,-5.5,126.5,NORTH ZONE
AZAMGARH,29,27,33,69,116,119,120,93,43,63,172,165,125,162,164,127,55,331,26,16,17,17,2022-12-28,26.0226968,83.0288734,NORTH ZONE
GONDA (DEVIPATAN),38,25,33,75,112,119,110,90,45,60,185,170,155,160,190,140,45,340,25,22,32,28,2022-12-28,27.13253,81.96897,NORTH ZONE
AMETHI,36,28,34,68,115,92,110,90,45,62,191,173,138,150,188,112,49,260,24,24,32,38,2022-12-28,,,
BARABANKI,35,27,34,79,119,119,118,99,41,63,193,172,147,162,167,127,51,200,28,20,20,20,2022-12-28,,,
BHADOHI,34,29,35,65,106,80,100,89,42,45,190,160,145,145,185,105,45,235,25,17,22,26,2022-12-28,,,
CHANDAULI,26,27,31,67,102,98,100,87,40,60,152,148,139,137,157,101,41,208,26,18,26,10,2022-12-28,,,
FARRUKHABAD,36,29,33,68,114,89,79,85,40,63,174,167,144,148,167,107,37,283,28,14,25,25,2022-12-28,,,
GHAZIPUR,36,28,37,76,107,106,103,99,44,51,178,164,155,155,176,100,47,192,28,18,19,16,2022-12-28,,,
JAUNPUR,33,29,35,68,108,106,102,84,44,62,197,161,130,159,192,102,53,250,27,18,20,13,2022-12-28,,,
UP-PRATAPGARH,28,29,32,64,105,93,95,86,41,62,193,157,129,150,148,107,46,286,27,16,22,13,2022-12-28,,,
SAMBHAL,40,29,34,68,93,90,90,90,40,58,182,163,132,142,190,122,35,295,29,20,20,25,2022-12-28,,,
SANTKABIR NAGAR,34,26,30,67,102,101,106,90,41,62,198,166,164,159,179,NR,46,467,24,18,18,16,2022-12-28,,,
SHAHJAHANPUR,35,29,32,70,109,104,101,109,41,62,206,166,136,175,187,110,42,254,26,12,18,13,2022-12-28,,,
SITAPUR,33,24,34,85,96,96,97,97,42,60,177,174,177,176,176,177,42,243,25,23,21,43,2022-12-28,,,
SULTANPUR,25,27,34,78,90,98,100,90,40,52,214,183,123,168,164,121,45,198,26,22,25,29,2022-12-28,,,
UNNAO,36,28,32,98,112,120,90,87,40,58,198,159,140,147,150,112,40,165,26,15,15,18,2022-12-28,,,
AMBEDKAR NAGAR,38,28,36,74,87,93,102,93,42,55,189,175,130,155,160,127,50,187,27,25,32,16,2022-12-28,,,
AMROHA,39,28,32,61,98,90,95,93,40,50,173,173,140,140,173,110,37,NR,25,25,22,40,2022-12-28,,,
BAGHPAT,40,NR,32,68,100,97,97,100,38,60,NR,165,142,163,NR,121,38,227,27,16,28,20,2022-12-28,,,
BIJNOR,34,27,34,63,99,88,92,87,39,56,172,167,145,151,149,149,38,289,17,17,22,20,2022-12-28,,,
BUDAUN,38,26,33,65,111,93,90,92,40,60,185,159,130,150,184,104,40,267,19,16,19,20,2022-12-28,,,
ETAH,25,NR,34,71,128,98,99,98,39,64,210,163,145,147,163,122,42,270,26,17,22,27,2022-12-28,,,
FATEHPUR,43,29,37,70,108,139,110,100,40,67,195,190,133,149,175,117,44,252,25,16,20,18,2022-12-28,,,
GHAZIABAD,33,31,35,78,115,104,106,103,41,59,190,158,137,153,169,112,44,195,26,20,23,23,2022-12-28,,,
HARDOI,38,28,34,73,110,95,96,89,40,64,205,170,152,164,186,111,41,152,28,13,19,14,2022-12-28,,,
JALAUN,45,30,34,70,111,100,100,90,42,55,183,170,150,152,173,106,45,223,27,18,20,15,2022-12-28,,,
KAUSHAMBI,44,28,35,67,115,122,97,86,41,62,173,177,150,145,167,115,49,255,27,20,26,20,2022-12-28,,,
KUSHINAGAR,30,26,34,67,105,114,113,88,41,62,203,167,117,150,149,109,48,242,27,23,25,56,2022-12-28,,,
LAKHIMPUR KHERI,35,26,34,64,108,95,98,97,40,47,218,168,145,158,164,112,55,198,28,19,23,25,2022-12-28,,,
PILIBHIT,40,29,32,75,105,105,98,102,40,64,205,170,140,155,190,115,41,327,28,21,22,27,2022-12-28,,,
SHARWASTI,37,26,36,67,114,112,113,94,41,55,NR,177,159,152,NR,112,39,221,28,19,20,20,2022-12-28,,,
SIDDHARTH NAGAR,40,27,35,74,108,122,115,97,40,52,182,160,113,157,188,NR,47,200,25,25,30,26,2022-12-28,,,
SONBHADRA,35,29,34,76,118,120,128,111,44,56,219,170,157,189,187,141,67,239,24,22,31,16,2022-12-28,,,
RAMPUR,32,29,31,62,83,100,95,91,40,50,164,165,115,150,160,110,34,216,21,17,16,21,2022-12-28,,,
BAHRAICH,31,26,33,66,112,110,109,92,41,48,160,167,133,155,178,120,47,233,29,33,34,48,2022-12-28,,,
BASTI,35,27,30,70,95,95,100,90,42,62,191,165,163,161,176,129,46,400,24,17,25,25,2022-12-28,,,
ETAWAH,40,27,34,70,117,100,105,90,40,60,188,168,140,158,188,113,40,227,28,11,19,11,2022-12-28,,,
MUZZAFARNAGAR,32,29,33,70,101,100,97,97,41,63,149,150,136,147,148,100,35,237,27,14,19,20,2022-12-28,,,
CHITRAKOOT,36,25,32,71,98,87,89,90,40,55,203,157,140,158,177,125,41,240,28,20,21,19,2022-12-28,,,
HAMIRPUR-UP,38,26,30,72,102,103,86,87,46,59,190,164,130,135,182,110,46,220,26,20,23,19,2022-12-28,,,
DEORIA,28,29,34,67,110,116,108,98,41,49,187,166,128,137,148,99,48,201,20,20,26,22,2022-12-28,,,
HAPUR,32,30,32,92,105,110,102,95,41,60,NR,160,135,157,168,120,36,200,10,15,20,20,2022-12-28,,,
BULANDSHAHR,32,28,30,61,106,91,91,96,39,56,NR,136,121,142,201,96,36,350,25,16,16,15,2022-12-28,,,
KANPUR DEHAT,38,28,32,72,110,113,83,95,40,62,200,180,157,163,185,112,41,127,22,20,20,20,2022-12-28,,,
HATHRAS,35,28,33,80,100,98,94,95,39,61,170,167,148,172,173,140,41,210,14,20,22,23,2022-12-28,,,
RAEBARELI,35,26,37,65,105,80,101,85,41,60,188,166,148,144,174,103,37,541,23,12,14,11,2022-12-28,,,
LALITPUR,34,28,32,62,109,95,95,96,41,50,174,178,151,158,194,139,45,248,25,24,20,12,2022-12-28,,,
MOHABA,32,30,35,70,110,96,95,95,40,50,188,153,155,143,203,125,45,200,22,22,20,10,2022-12-28,,,
GAUTAM BUDH NAGAR,31,34,35,67,90,89,90,87,41,64,211,168,117,160,206,113,44,220,27,19,21,21,2022-12-28,,,
DEHRADUN,32,28,32,70,113,110,108,102,45,62,196,170,170,176,194,NR,41,283,28,28,32,33,2022-12-28,30.3255646,78.0436813,NORTH ZONE
HALDWANI,35,32,33,112,113,111,112,108,42,51,163,165,164,164,163,145,51,256,25,30,40,43,2022-12-28,29.2144809,79.5279012,NORTH ZONE
RUDRAPUR,34,27,32,71,116,106,116,103,40,61,187,164,160,160,161,103,51,212,28,21,22,19,2022-12-28,28.974744,79.3963951,NORTH ZONE
HARIDWAR,35,26,36,92,113,105,105,91,43,66,165,164,163,159,164,NR,45,298,29,20,21,25,2022-12-28,29.9384473,78.1452985,NORTH ZONE
RAIPUR,35,33,35,65,101,96,92,90,40,52,196,179,142,152,178,135,46,268,23,24,26,22,2022-12-28,21.2379469,81.6336833,WEST ZONE
DURG,25,34,38,71,102,97,108,94,42,51,192,162,118,147,163,141,49,227,10,19,24,6,2022-12-28,21.1990353,81.3979546,WEST ZONE
AMBIKAPUR,23,19,23,82,106,103,103,102,40,40,184,180,158,164,163,144,36,265,14,19,24,11,2022-12-28,23.1226343,83.1981886,WEST ZONE
BILASPUR-CG,39,27,29,63,100,84,101,89,40,50,185,182,153,160,174,137,45,203,26,27,28,18,2022-12-28,22.0811651,82.1406438,WEST ZONE
JAGDALPUR,28,28,38,68,75,92,94,79,39,68,164,175,124,136,169,139,47,310,22,29,27,15,2022-12-28,19.0870758,82.0235715,WEST ZONE
DANTEWADA,44,37,39,73,117,105,115,88,43,70,228,186,135,143,168,117,52,580,28,28,28,18,2022-12-28,18.8640648,81.3833947,WEST ZONE
DHAMTARI,40,35,39,68,108,92,93,95,40,50,167,180,105,140,160,133,45,195,29,19,17,7,2022-12-28,,,
RAJNANDGAON,44,36,45,98,108,100,103,87,39,47,188,153,113,163,168,100,46,300,27,20,23,9,2022-12-28,,,
KORIYA,38,35,36,68,110,85,99,81,40,70,190,153,99,135,172,110,39,200,27,NR,NR,NR,2022-12-28,,,
SILVASA,NR,NR,NR,NR,NR,NR,NR,NR,NR,NR,NR,NR,NR,NR,NR,NR,NR,NR,NR,NR,NR,NR,2022-12-28,,,
DAMAN,38,20,28,66,112,111,93,110,35,NR,200,178,160,168,180,115,45,185,27,24,NR,NR,2022-12-28,,,
DIU,36,35,NR,86,112,120,114,93,37,46,200,153,NR,NR,220,140,38,NR,15,20,23,NR,2022-12-28,,,
PANAJI,45,43,38,79,135,119,119,108,41,52,185,182,175,172,165,105,55,307,23,37,35,22,2022-12-28,15.4989946,73.8282141,WEST ZONE
MARGAO,46,41,43,77,127,118,113,97,39,55,206,179,133,168,162,111,55,317,24,35,31,25,2022-12-28,,,
AHMEDABAD,27,22,28,63,102,96,92,80,38,58,185,180,152,143,166,125,51,260,14,25,20,42,2022-12-28,23.0216238,72.5797068,WEST ZONE
RAJKOT,40,35,37,74,113,91,92,93,40,57,179,161,146,158,157,123,54,300,17,25,30,35,2022-12-28,22.3053263,70.8028377,WEST ZONE
SURAT,NR,NR,NR,NR,NR,NR,NR,NR,NR,NR,NR,NR,NR,NR,NR,NR,NR,NR,NR,NR,NR,NR,2022-12-28,45.9383,3.2553,WEST ZONE
BHUJ,NR,NR,NR,NR,NR,NR,NR,NR,NR,NR,NR,NR,NR,NR,NR,NR,NR,NR,NR,NR,NR,NR,2022-12-28,23.2472446,69.668339,WEST ZONE
SELAMBA,52,38,40,75,112,106,107,100,39,59,175,165,113,143,175,128,45,397,18,25,19,32,2022-12-28,21.5199054,73.8179195,WEST ZONE
WAGHAI,29,33,33,65,100,100,97,100,43,53,181,188,164,168,194,155,41,450,10,22,21,NR,2022-12-28,20.771037,73.5016522,WEST ZONE
BODELI,34,28,29,68,105,90,85,90,40,54,189,189,179,175,183,154,42,286,13,27,24,42,2022-12-28,22.2748105,73.7166363,WEST ZONE
VAPI,35,30,38,85,120,120,120,80,NR,NR,180,185,155,175,175,145,NR,NR,NR,25,25,38,2022-12-28,20.3735482,72.9084376,WEST ZONE
BILIMORA,NR,NR,NR,NR,NR,NR,NR,NR,NR,NR,NR,NR,NR,NR,NR,NR,NR,NR,NR,NR,NR,NR,2022-12-28,,,
IDAR,NR,NR,NR,NR,NR,NR,NR,NR,NR,NR,NR,NR,NR,NR,NR,NR,NR,NR,NR,NR,NR,NR,2022-12-28,,,
JHALOD,NR,NR,NR,NR,NR,NR,NR,NR,NR,NR,NR,NR,NR,NR,NR,NR,NR,NR,NR,NR,NR,NR,2022-12-28,,,
SONGASH,NR,NR,NR,NR,NR,NR,NR,NR,NR,NR,NR,NR,NR,NR,NR,NR,NR,NR,NR,NR,NR,NR,2022-12-28,,,
BHOPAL,30,33,35,70,115,101,93,95,39,56,179,178,135,135,176,NR,41,235,17,20,12,15,2022-12-28,23.2584857,77.401989,WEST ZONE
INDORE,36,27,31,68,112,104,92,92,43,60,185,172,139,150,172,123,51,252,19,20,17,14,2022-12-28,22.7203616,75.8681996,WEST ZONE
GWALIOR,35,34,41,66,112,90,96,80,43,65,197,169,130,147,177,NR,42,235,27,25,18,22,2022-12-28,26.2037247,78.1573628,WEST ZONE
JABALPUR,38,29,35,68,96,90,92,82,42,61,166,162,128,143,156,98,35,275,15,16,14,12,2022-12-28,23.1608938,79.9497702,WEST ZONE
REWA,40,23,52,94,106,74,125,93,45,51,176,161,121,145,144,NR,48,387,16,23,19,16,2022-12-28,24.756718,81.6549347,WEST ZONE
SAGAR,34,30,34,64,103,93,97,94,39,53,188,170,131,144,169,111,38,192,18,14,17,7,2022-12-28,23.8096123,78.7591136,WEST ZONE
JHABUA,33,30,33,70,112,106,110,97,41,56,187,174,161,144,193,NR,50,282,20,20,22,24,2022-12-28,22.8858522,74.7251337,WEST ZONE
HOSHANGABAD,41,30,31,68,105,102,88,90,40,50,179,159,120,133,177,115,46,260,12,25,25,11,2022-12-28,22.6001502,77.9266452,WEST ZONE
SHAHDOL,29,35,32,59,108,86,86,87,41,74,185,153,141,135,183,NR,44,178,26,25,18,11,2022-12-28,23.3002343,81.364771,WEST ZONE
UJJAIN,32,27,30,65,112,90,88,90,39,56,175,160,135,132,176,120,40,185,18,20,15,15,2022-12-28,23.1885131,75.7716562,WEST ZONE
MORENA,30,27,35,65,100,90,85,90,40,58,170,145,123,150,175,115,35,240,15,20,20,10,2022-12-28,26.166667,77.5,WEST ZONE
ANUPPUR,NR,NR,NR,NR,NR,NR,NR,NR,NR,NR,NR,NR,NR,NR,NR,NR,NR,NR,NR,NR,NR,NR,2022-12-28,,,
BHIND,NR,NR,NR,NR,NR,NR,NR,NR,NR,NR,NR,NR,NR,NR,NR,NR,NR,NR,NR,NR,NR,NR,2022-12-28,,,
DHAR,31,28,34,72,115,107,99,122,38,56,174,180,141,136,184,176,47,230,27,20,20,10,2022-12-28,,,
HARDA,34,30,34,64,110,102,93,95,38,55,172,175,135,134,154,NR,39,188,27,15,15,15,2022-12-28,,,
KATNI,25,32,30,65,95,95,95,85,40,50,200,140,103,135,180,110,40,180,28,15,20,10,2022-12-28,,,
KHANDWA,NR,NR,NR,NR,NR,NR,NR,NR,NR,NR,NR,NR,NR,NR,NR,NR,NR,NR,NR,NR,NR,NR,2022-12-28,,,
MANDLA,27,34,36,62,80,88,85,88,40,40,210,162,108,140,181,117,43,268,16,22,17,6,2022-12-28,,,
RAJGARH,NR,NR,NR,NR,NR,NR,NR,NR,NR,NR,NR,NR,NR,NR,NR,NR,NR,NR,NR,NR,NR,NR,2022-12-28,,,
SIDHI,33,23,31,67,88,78,80,87,41,47,220,180,150,152,148,NR,42,453,13,20,22,12,2022-12-28,,,
CHATTARPUR,NR,NR,NR,NR,NR,NR,NR,NR,NR,NR,NR,NR,NR,NR,NR,NR,NR,NR,NR,NR,NR,NR,2022-12-28,,,
NEEMUCH,NR,NR,NR,NR,NR,NR,NR,NR,NR,NR,NR,NR,NR,NR,NR,NR,NR,NR,NR,NR,NR,NR,2022-12-28,,,
BURHANPUR,NR,NR,NR,NR,NR,NR,NR,NR,NR,NR,NR,NR,NR,NR,NR,NR,NR,NR,NR,NR,NR,NR,2022-12-28,,,
NARSHINPUR,35,28,34,60,99,90,90,73,39,55,181,170,117,132,170,NR,34,284,10,20,19,12,2022-12-28,,,
RAISEN,31,30,32,67,110,97,92,95,39,53,185,160,112,137,NR,NR,35,220,27,23,12,15,2022-12-28,,,
SHEOPUR,NR,NR,NR,NR,NR,NR,NR,NR,NR,NR,NR,NR,NR,NR,NR,NR,NR,NR,NR,NR,NR,NR,2022-12-28,,,
AGAR MALWA,NR,NR,NR,NR,NR,NR,NR,NR,NR,NR,NR,NR,NR,NR,NR,NR,NR,NR,NR,NR,NR,NR,2022-12-28,,,
UMARIA,NR,NR,NR,NR,NR,NR,NR,NR,NR,NR,NR,NR,NR,NR,NR,NR,NR,NR,NR,NR,NR,NR,2022-12-28,,,
SHAJAPUR,NR,NR,NR,NR,NR,NR,NR,NR,NR,NR,NR,NR,NR,NR,NR,NR,NR,NR,NR,NR,NR,NR,2022-12-28,,,
DEWAS,36,30,34,68,111,103,100,96,38,58,167,153,135,133,163,NR,42,210,10,22,20,17,2022-12-28,,,
KHARGONE,NR,NR,NR,NR,NR,NR,NR,NR,NR,NR,NR,NR,NR,NR,NR,NR,NR,NR,NR,NR,NR,NR,2022-12-28,,,
SINGRAULI,NR,NR,NR,NR,NR,NR,NR,NR,NR,NR,NR,NR,NR,NR,NR,NR,NR,NR,NR,NR,NR,NR,2022-12-28,,,
CHHINDWARA,35,31,39,67,98,88,90,97,38,53,196,189,117,148,179,112,35,200,10,20,22,8,2022-12-28,,,
MUMBAI,34,47,53,91,125,129,123,106,43,58,193,185,169,166,168,110,71,310,26,33,32,21,2022-12-28,19.0785451,72.878176,WEST ZONE
NAGPUR,39,38,50,78,116,111,108,112,46,51,201,204,168,146,179,121,55,273,27,29,31,21,2022-12-28,21.1498134,79.0820556,WEST ZONE
PUNE,55,42,49,68,131,102,117,86,45,61,196,165,117,144,150,119,40,303,24,23,18,18,2022-12-28,18.521428,73.8544541,WEST ZONE
NASHIK,34,39,41,74,121,107,107,97,39,54,180,198,138,135,157,106,54,308,26,28,25,18,2022-12-28,20.0112475,73.7902364,WEST ZONE
MANGAON-RAIGAD,32,43,54,75,127,118,105,100,46,58,168,162,164,151,159,121,65,310,22,41,38,27,2022-12-28,18.2976135,73.2925142,WEST ZONE
DHARNI,32,35,35,70,117,105,97,94,39,40,177,188,143,143,168,NR,35,300,10,20,20,40,2022-12-28,21.5623789,76.8904785,WEST ZONE
LATUR,55,36,35,60,105,109,110,95,36,58,187,161,92,137,144,106,40,170,28,30,20,13,2022-12-28,18.3515907,76.7554236,WEST ZONE
AKLUJ,47,34,41,68,108,107,98,92,37,52,178,157,130,149,178,107,51,276,25,23,23,18,2022-12-28,,,
ARNI YAVATMAL,47,33,37,66,115,102,95,103,40,65,190,175,143,146,175,NR,53,300,10,28,32,13,2022-12-28,,,
CHANDRAPUR,35,36,46,65,120,110,108,111,39,50,185,195,158,132,170,NR,50,211,26,20,33,20,2022-12-28,,,
KARAD SATARA,34,36,45,71,121,110,111,103,38,68,187,170,153,143,170,111,47,263,28,30,27,20,2022-12-28,,,
AHEMEDNAGAR,45,36,38,66,116,102,94,95,38,51,161,179,136,142,163,123,40,220,25,32,25,25,2022-12-28,,,
KHULTABAD,47,31,35,69,105,92,103,82,38,46,173,NR,123,144,167,109,53,262,19,34,16,16,2022-12-28,,,
ISLAMPUR,51,40,39,64,122,110,102,97,38,66,186,183,111,149,162,112,44,323,30,35,23,10,2022-12-28,,,
KANKAVLI,47,41,40,76,122,121,121,111,40,52,182,185,139,145,160,108,51,335,20,32,31,17,2022-12-28,,,
PARTUR,55,32,40,60,109,106,109,97,38,55,172,201,159,141,150,119,40,409,10,29,26,9,2022-12-28,,,
GONDIA,45,36,35,65,101,106,102,100,37,40,180,172,107,133,175,105,35,222,24,20,19,9,2022-12-28,,,
JALGAON,47,35,38,72,120,112,111,105,40,60,206,177,154,105,169,122,63,353,25,22,17,11,2022-12-28,,,
JAIPUR,39,31,35,65,115,100,97,83,41,48,214,175,125,155,176,NR,44,307,17,20,26,20,2022-12-28,26.9154576,75.8189817,WEST ZONE
JODHPUR,32,31,33,68,119,103,87,90,41,33,200,183,NR,NR,185,NR,50,300,18,24,21,28,2022-12-28,26.2756829,73.0296973,WEST ZONE
KOTA,34,28,33,71,112,95,95,88,42,48,178,162,132,153,168,NR,47,231,22,19,16,25,2022-12-28,25.1737019,75.8574194,WEST ZONE
UDAIPUR,31,29,27,99,99,99,99,99,39,45,196,200,134,200,NR,135,54,270,23,25,20,27,2022-12-28,24.578721,73.6862571,WEST ZONE
BHARATPUR,31,29,32,70,115,120,110,100,40,58,197,155,127,139,NR,NR,47,293,26,25,27,28,2022-12-28,27.2652124,77.3691255,WEST ZONE
AJMER,NR,NR,NR,NR,NR,NR,NR,NR,NR,NR,NR,NR,NR,NR,NR,NR,NR,NR,NR,NR,NR,NR,2022-12-28,26.454041,74.6404656,WEST ZONE
BIKANER,35,31,34,74,110,103,104,90,41,49,175,161,148,150,183,NR,49,279,14,29,19,29,2022-12-28,28.0159286,73.3171367,WEST ZONE
BUNDI,41,32,31,62,113,95,98,90,40,55,185,155,133,152,187,NR,47,384,16,21,22,22,2022-12-28,,,
RAJSAMAND,41,33,36,75,117,103,103,92,41,49,183,175,131,158,171,NR,42,287,18,22,25,22,2022-12-28,,,
ALWAR,34,33,36,63,99,115,99,84,39,52,177,158,135,133,155,NR,39,306,23,15,16,15,2022-12-28,,,
BANSWARA,38,26,35,68,113,104,104,91,41,52,188,163,115,165,185,NR,46,382,24,21,22,21,2022-12-28,,,
BARAN,NR,NR,NR,NR,NR,NR,NR,NR,NR,NR,NR,NR,NR,NR,NR,NR,NR,NR,NR,NR,NR,NR,2022-12-28,,,
BARMER,30,29,38,58,110,95,88,85,42,NR,190,178,107,156,175,NR,43,347,27,13,16,11,2022-12-28,,,
BHILWARA,43,32,34,68,116,101,97,87,42,49,193,178,133,168,183,135,44,293,20,28,38,30,2022-12-28,,,
CHHITORGARH,36,29,34,65,112,103,98,91,40,62,187,182,140,137,191,NR,45,320,23,30,20,25,2022-12-28,,,
CHURU,NR,NR,NR,NR,NR,NR,NR,NR,NR,NR,NR,NR,NR,NR,NR,NR,NR,NR,NR,NR,NR,NR,2022-12-28,,,
DHOLAPUR,33,30,32,66,109,97,98,85,40,48,187,151,104,145,NR,NR,40,380,28,28,30,20,2022-12-28,,,
DUNGARPUR,35,30,32,75,100,103,100,95,43,53,186,169,NR,147,202,NR,49,292,15,25,24,23,2022-12-28,,,
HANUMANGARH,34,30,35,75,118,116,115,111,47,47,225,174,154,162,212,NR,43,363,17,30,26,39,2022-12-28,,,
JAISALMER,NR,NR,NR,NR,NR,NR,NR,NR,NR,NR,NR,NR,NR,NR,NR,NR,NR,NR,NR,NR,NR,NR,2022-12-28,,,
JALORE,37,32,32,65,116,115,98,96,40,50,199,160,133,160,188,NR,40,263,22,25,27,23,2022-12-28,,,
JHALAWAR,42,31,35,64,103,96,96,85,44,57,215,162,115,145,180,NR,51,420,24,26,31,28,2022-12-28,,,
JHUNJHUNU,33,33,39,94,94,93,95,91,40,43,202,169,139,150,188,NR,37,205,15,18,18,27,2022-12-28,,,
KARAULI,35,27,31,60,100,110,110,85,40,NR,190,160,120,160,NR,NR,40,370,25,25,24,20,2022-12-28,,,
NAGAUR,30,30,36,61,105,104,83,85,40,48,161,160,112,157,NR,NR,49,301,16,25,34,14,2022-12-28,,,
PALI,60,28,31,65,106,102,85,92,44,59,177,170,107,153,153,151,42,276,17,25,23,14,2022-12-28,,,
RJ-PRATAPGARH,60,28,30,70,110,105,95,84,36,56,200,180,150,150,160,180,35,300,15,15,12,20,2022-12-28,,,
SIKAR,40,26,30,63,99,98,91,86,40,46,175,157,118,160,160,NR,39,300,18,22,32,21,2022-12-28,,,
SIROHI,NR,NR,NR,NR,NR,NR,NR,NR,NR,NR,NR,NR,NR,NR,NR,NR,NR,NR,NR,NR,NR,NR,2022-12-28,,,
SRI GANGANAGAR,NR,NR,NR,NR,NR,NR,NR,NR,NR,NR,NR,NR,NR,NR,NR,NR,NR,NR,NR,NR,NR,NR,2022-12-28,,,
TONK,38,31,34,75,111,106,103,86,42,49,195,158,156,152,165,NR,50,280,14,20,23,16,2022-12-28,,,
PATNA,NR,NR,NR,NR,NR,NR,NR,NR,NR,NR,NR,NR,NR,NR,NR,NR,NR,NR,NR,NR,NR,NR,2022-12-28,25.6093239,85.1235252,EAST ZONE
BHAGALPUR,38,29,35,70,109,103,103,89,45,52,NR,161,131,153,197,135,51,273,24,24,35,30,2022-12-28,25.286698,87.1322536,EAST ZONE
PURNIA,34,32,36,62,106,101,98,79,44,51,NR,159,101,149,NR,104,42,324,13,14,16,26,2022-12-28,26.0,87.5,EAST ZONE
DARBHANGA,32,29,40,65,96,105,95,85,42,46,NR,168,145,155,NR,105,45,195,15,22,18,35,2022-12-28,26.0831432,86.032571,EAST ZONE
GAYA,32,28,35,70,111,110,93,90,41,50,NR,191,145,171,185,130,41,347,21,24,24,20,2022-12-28,24.7964355,85.0079563,EAST ZONE
MUZZAFARPUR,NR,NR,NR,NR,NR,NR,NR,NR,NR,NR,NR,NR,NR,NR,NR,NR,NR,NR,NR,NR,NR,NR,2022-12-28,26.1180626,85.3132056,EAST ZONE
SARAN,39,29,35,67,108,102,102,82,43,51,NR,169,150,158,NR,114,44,237,24,19,26,20,2022-12-28,25.9083549,84.7807476,EAST ZONE
MUNGER,NR,NR,NR,NR,NR,NR,NR,NR,NR,NR,NR,NR,NR,NR,NR,NR,NR,NR,NR,NR,NR,NR,2022-12-28,25.2208117,86.5172037,EAST ZONE
SAHARSA,38,27,33,63,109,96,95,76,42,50,NR,172,140,139,NR,NR,58,128,22,24,27,46,2022-12-28,25.8326416,86.6148928,EAST ZONE
MADHUBANI,38,27,35,65,102,102,100,82,44,50,178,170,138,157,182,114,48,300,16,23,21,24,2022-12-28,26.350072,86.2291469,EAST ZONE
ROHTAS (SASARAM),23,28,34,60,108,94,94,76,44,61,198,158,123,153,177,108,38,197,27,19,18,18,2022-12-28,24.9001003,84.0182111,EAST ZONE
MOTIHARI,37,29,27,65,98,96,93,85,42,51,158,157,135,137,138,126,43,284,18,22,21,29,2022-12-28,26.669512,84.9574106,EAST ZONE
SAMASTIPUR,45,32,35,70,100,96,96,83,42,50,180,170,120,154,184,117,45,280,22,16,20,41,2022-12-28,25.7744929,85.8662681,EAST ZONE
KATIHAR,44,28,38,68,113,117,98,101,44,49,NR,169,158,155,174,NR,50,338,19,18,22,37,2022-12-28,25.5609003,87.6476535,EAST ZONE
ARARIA,46,27,39,64,101,140,102,97,42,55,NR,165,152,151,200,151,42,330,20,19,18,30,2022-12-28,26.2649879,87.3716265,EAST ZONE
NAWADA,28,27,32,64,110,101,92,84,41,53,172,166,140,143,207,118,39,307,14,23,26,18,2022-12-28,24.818124,85.5185562,EAST ZONE
KHAGARIA,43,28,34,66,105,105,102,86,43,42,238,156,102,155,152,105,42,410,23,21,24,24,2022-12-28,25.4916868,86.6991085,EAST ZONE
BANKA,NR,NR,NR,NR,NR,NR,NR,NR,NR,NR,NR,NR,NR,NR,NR,NR,NR,NR,NR,NR,NR,NR,2022-12-28,,,
ARWAL,33,27,31,63,109,109,97,84,40,50,NR,162,142,152,NR,122,34,243,25,19,21,24,2022-12-28,,,
AURANGABAD,31,28,31,67,103,103,107,85,40,55,NR,185,132,150,NR,NR,39,183,25,17,21,32,2022-12-28,,,
BEGUSARAI,34,28,34,65,111,102,103,86,39,51,NR,155,131,147,NR,111,44,319,12,18,25,39,2022-12-28,,,
BHOJPUR ARA,NR,NR,NR,NR,NR,NR,NR,NR,NR,NR,NR,NR,NR,NR,NR,NR,NR,NR,NR,NR,NR,NR,2022-12-28,,,
BUXAR,26,31,33,64,112,105,105,80,43,53,180,160,138,143,188,120,38,260,26,19,19,14,2022-12-28,,,
GOPALGANJ,40,32,36,70,110,110,105,86,42,55,220,165,135,160,180,110,45,240,NR,22,25,33,2022-12-28,,,
JAMUI,36,32,36,66,108,104,102,84,44,54,NR,163,129,148,NR,131,49,253,27,17,22,20,2022-12-28,,,
JEHANABAD,31,27,31,81,120,125,115,89,42,52,NR,190,160,160,NR,NR,39,208,21,25,25,20,2022-12-28,,,
KAIMUR,42,29,34,64,111,105,105,82,41,54,220,155,157,157,185,120,48,240,22,19,28,33,2022-12-28,,,
KISHANGANJ,34,27,35,71,118,112,99,93,41,57,NR,167,NR,157,185,140,54,320,27,19,21,31,2022-12-28,,,
LAKHISARAI,37,33,36,68,109,105,104,87,44,54,NR,164,129,149,191,131,49,412,27,17,28,16,2022-12-28,,,
MEDHEPURA,40,27,37,65,111,102,101,81,46,53,NR,161,111,160,160,110,44,333,12,25,26,31,2022-12-28,,,
NALANDA,38,30,34,68,105,104,90,90,45,56,250,171,143,140,225,NR,50,360,25,24,22,34,2022-12-28,,,
SHEIKHPURA,36,24,32,68,118,101,96,90,43,52,NR,170,NR,155,NR,NR,42,420,28,16,20,17,2022-12-28,,,
SHEOHAR,41,28,39,69,111,109,105,83,41,53,169,173,124,160,194,113,51,192,26,21,22,38,2022-12-28,,,
SITAMARHI,NR,NR,NR,NR,NR,NR,NR,NR,NR,NR,NR,NR,NR,NR,NR,NR,NR,NR,NR,NR,NR,NR,2022-12-28,,,
SIWAN,35,28,31,65,96,98,98,84,41,53,253,154,160,158,258,118,44,300,24,20,20,34,2022-12-28,,,
SUPAUL,40,29,40,70,115,100,112,92,41,51,155,158,120,152,160,120,50,360,12,16,30,38,2022-12-28,,,
VAISHALI,32,31,35,63,107,97,95,75,44,56,151,149,113,145,168,106,37,250,28,14,16,25,2022-12-28,,,
WEST CHAMPARAN,37,30,38,74,118,127,100,100,43,51,171,164,172,148,208,123,52,290,15,24,28,39,2022-12-28,,,
RANCHI,40,32,35,64,108,95,92,78,42,55,225,154,105,150,180,102,38,230,27,17,25,15,2022-12-28,23.3700501,85.3250387,EAST ZONE
GUMLA,40,NR,40,93,98,98,96,96,55,50,179,165,127,142,196,115,50,260,20,50,58,58,2022-12-28,23.0916741,84.5738481,EAST ZONE
SAHIBGANJ,33,30,36,74,120,100,110,92,42,50,235,170,125,185,NR,NR,49,400,20,14,25,16,2022-12-28,25.2820998,87.6185078,EAST ZONE
BOKARO,31,28,33,68,95,92,95,83,NR,NR,170,165,130,145,170,125,NR,NR,NR,22,28,28,2022-12-28,23.6991279,85.9910689,EAST ZONE
LOHARDAGA,35,26,NR,64,103,98,98,78,43,53,NR,167,138,161,184,149,42,192,21,18,22,12,2022-12-28,23.4692006,84.7356842,EAST ZONE
SIMDEGA,34,NR,37,67,110,97,97,81,43,NR,NR,174,165,163,NR,115,40,NR,26,13,20,15,2022-12-28,22.6664325,84.5502679,EAST ZONE
DHANBAD,35,30,34,72,107,115,104,95,44,58,218,165,134,172,195,109,48,425,18,25,25,23,2022-12-28,23.7952809,86.4309638,EAST ZONE
JAMSHEDPUR (EAST SINGBHUM),45,34,32,65,110,90,95,80,41,54,200,170,140,150,166,155,42,220,22,15,25,30,2022-12-28,22.80278,86.18545,EAST ZONE
GIRIDHI,31,28,29,80,98,100,108,88,42,55,NR,188,130,186,208,176,40,300,16,15,29,13,2022-12-28,24.1913,86.2996,EAST ZONE
SERAIKELLA,42,27,34,63,108,95,96,75,42,56,155,152,140,133,190,95,45,213,26,12,19,15,2022-12-28,,,
WEST SINGHBHUM,36,33,35,71,118,110,108,89,42,56,155,157,131,136,150,107,43,290,23,15,26,19,2022-12-28,,,
DALTONGANJ,36,31,34,83,116,106,100,93,NR,NR,NR,NR,NR,NR,NR,NR,NR,NR,NR,NR,NR,NR,2022-12-28,,,
DEOGHAR,37,31,36,76,111,110,105,94,43,56,215,161,152,162,170,109,45,271,26,24,25,27,2022-12-28,,,
RAMGARH,34,32,35,61,102,94,89,76,41,NR,NR,157,124,153,186,100,35,279,25,19,25,18,2022-12-28,,,
PAKUR,43,31,40,79,106,109,113,88,44,50,170,185,132,168,141,115,47,384,25,17,21,25,2022-12-28,,,
BHUBANESHWAR,30,35,38,66,110,100,105,105,44,48,NR,168,132,NR,152,105,50,227,25,16,30,23,2022-12-28,20.2602964,85.8394521,EAST ZONE
CUTTACK,36,37,43,69,115,101,105,81,45,46,NR,187,112,NR,161,117,46,250,27,14,25,21,2022-12-28,20.4686,85.8792,EAST ZONE
SAMBALPUR,31,31,36,63,108,94,92,77,43,48,NR,186,112,NR,164,119,37,247,22,14,26,28,2022-12-28,21.4706422,83.9836858,EAST ZONE
ROURKELA,30,34,35,67,108,96,100,85,43,50,NR,170,116,148,165,116,46,240,23,18,25,25,2022-12-28,22.2539994,84.857752,EAST ZONE
BERHAMPUR,31,35,36,65,93,96,91,91,44,49,NR,192,151,NR,188,151,47,246,22,20,26,30,2022-12-28,21.4930851,86.6327298,EAST ZONE
JEYPORE,28,33,38,68,110,109,105,81,44,48,NR,165,100,NR,151,104,45,200,28,14,23,20,2022-12-28,18.8989174,82.5590761,EAST ZONE
BALASORE,32,NR,40,68,124,101,105,86,42,48,NR,175,NR,NR,152,103,52,240,24,13,29,21,2022-12-28,21.5017098,86.9216712,EAST ZONE
BARIPADA,30,40,38,70,108,95,94,78,43,48,182,165,120,180,155,103,50,230,26,15,30,20,2022-12-28,21.9297099,86.7316561,EAST ZONE
BALANGIR,35,35,41,64,103,103,93,83,40,48,NR,175,97,156,152,103,46,NR,27,16,25,10,2022-12-28,20.7497833,83.4409722,EAST ZONE
KOLKATA,40,NR,36,71,114,104,105,100,43,50,NR,161,135,149,170,107,54,267,20,17,32,27,2022-12-28,22.5414185,88.3576912,EAST ZONE
SILIGURI,NR,NR,NR,NR,NR,NR,NR,NR,NR,NR,NR,NR,NR,NR,NR,NR,NR,NR,NR,NR,NR,NR,2022-12-28,26.7164127,88.4309916,EAST ZONE
PURULIA,29,NR,34,65,105,98,101,90,42,54,175,170,135,153,158,115,42,270,24,14,30,29,2022-12-28,23.032189,89.5911025,EAST ZONE
KHARAGPUR,50,28,36,66,110,105,110,100,NR,NR,NR,NR,NR,NR,NR,NR,NR,NR,NR,NR,NR,NR,2022-12-28,25.1331731,86.5250404,EAST ZONE
RAMPURHAT,50,22,32,78,130,120,121,108,46,56,199,161,143,162,166,142,58,300,20,16,25,30,2022-12-28,24.1763069,87.7859569,EAST ZONE
MALDA,33,22,36,74,118,108,109,111,43,43,NR,173,133,143,178,137,47,315,21,25,27,33,2022-12-28,25.0057449,88.1398483,EAST ZONE
RAIGANJ,39,30,35,70,123,125,108,104,43,42,194,163,103,148,175,105,55,255,10,14,26,37,2022-12-28,25.6806539,88.1246458,EAST ZONE
PORT BLAIR,43,40,66,80,119,127,115,100,51,67,NR,220,220,NR,209,132,71,325,20,40,45,60,2022-12-28,11.6645348,92.7390448,NORTH EAST ZONE
MAYABUNDER,41,NR,66,83,128,138,125,112,49,69,203,204,188,NR,174,117,66,NR,19,40,40,70,2022-12-28,12.7701746,92.8313119,NORTH EAST ZONE
CAR NICOBAR,NR,NR,NR,NR,NR,NR,NR,NR,NR,NR,NR,NR,NR,NR,NR,NR,NR,NR,NR,NR,NR,NR,2022-12-28,,,
ITANAGAR,25,NR,45,80,120,120,120,110,50,70,NR,170,150,170,240,NR,NR,NR,15,30,40,60,2022-12-28,27.0979659,93.6237291,NORTH EAST ZONE
NAMSAI,NR,NR,NR,NR,NR,NR,NR,NR,NR,NR,NR,NR,NR,NR,NR,NR,NR,NR,NR,NR,NR,NR,2022-12-28,,,
PASIGHAT,NR,NR,NR,NR,NR,NR,NR,NR,NR,NR,NR,NR,NR,NR,NR,NR,NR,NR,NR,NR,NR,NR,2022-12-28,,,
TAWANG,38,40,40,90,130,130,130,110,50,70,NR,160,140,180,175,138,85,240,18,35,40,40,2022-12-28,,,
GUWAHATI,31,33,37,65,105,90,96,85,44,65,210,174,159,155,165,120,42,200,11,22,32,41,2022-12-28,26.1805978,91.753943,NORTH EAST ZONE
BARPETA,37,24,35,68,110,98,100,97,43,70,NR,180,155,170,145,140,45,205,12,20,30,30,2022-12-28,26.3414221,91.0167433,NORTH EAST ZONE
TINSUKIA,24,NR,38,68,108,94,100,88,44,70,NR,175,155,155,180,NR,55,180,12,13,35,NR,2022-12-28,27.5201658,95.5306347,NORTH EAST ZONE
DHUBRI,38,NR,36,65,120,120,103,102,44,70,NR,177,135,146,175,114,53,240,12,24,25,47,2022-12-28,,,
GOALPARA,48,28,33,70,113,103,100,96,41,55,187,172,151,153,183,141,47,230,12,24,25,33,2022-12-28,,,
GOLAGHAT,30,30,35,77,109,108,98,95,45,59,NR,184,178,177,185,172,65,265,12,15,26,33,2022-12-28,,,
MANGALDAI,37,33,38,68,106,95,101,92,43,70,NR,195,145,142,180,135,60,280,14,25,34,50,2022-12-28,,,
MUSHALPUR,35,30,30,71,100,NR,105,94,42,65,NR,195,142,185,180,148,40,200,10,20,38,38,2022-12-28,,,
UDALGURI,41,27,38,73,108,111,100,94,44,70,NR,180,144,170,199,120,58,260,16,20,31,46,2022-12-28,,,
BAJALI,60,NR,NR,NR,NR,NR,NR,NR,NR,NR,NR,173,NR,160,NR,NR,NR,NR,NR,NR,NR,27,2022-12-28,,,
HOJAI,26,NR,36,65,105,75,95,81,42,70,NR,150,100,140,190,108,55,190,10,14,30,28,2022-12-28,,,
JORHAT,37,35,37,70,113,107,100,105,45,70,NR,193,171,148,190,112,60,222,10,15,22,45,2022-12-28,,,
BONGAIGAON,34,NR,37,73,117,95,108,109,42,72,NR,171,152,157,174,109,50,348,10,15,30,25,2022-12-28,,,
MORIGAON,35,NR,38,73,115,100,102,88,42,70,NR,173,140,162,170,108,59,237,10,20,32,40,2022-12-28,,,
SONARI,31,NR,37,75,113,NR,103,101,47,70,NR,187,NR,162,NR,NR,NR,NR,11,11,32,NR,2022-12-28,,,
TAMULPUR,27,34,34,69,105,75,104,84,44,66,NR,143,111,166,NR,108,45,323,10,15,29,30,2022-12-28,,,
IMPHAL,40,20,40,80,120,135,110,88,45,30,185,240,170,240,210,116,80,230,14,25,28,60,2022-12-28,24.7991162,93.9364419,NORTH EAST ZONE
CHANDEL,NR,NR,NR,NR,NR,NR,NR,NR,NR,NR,NR,NR,NR,NR,NR,NR,NR,NR,NR,NR,NR,NR,2022-12-28,,,
JIRIBAM,NR,NR,NR,NR,NR,NR,NR,NR,NR,NR,NR,NR,NR,NR,NR,NR,NR,NR,NR,NR,NR,NR,2022-12-28,,,
KANGPOKPI,NR,NR,NR,NR,NR,NR,NR,NR,NR,NR,NR,NR,NR,NR,NR,NR,NR,NR,NR,NR,NR,NR,2022-12-28,,,
SENAPATI,NR,NR,NR,NR,NR,NR,NR,NR,NR,NR,NR,NR,NR,NR,NR,NR,NR,NR,NR,NR,NR,NR,2022-12-28,,,
TAMENGLONG,NR,NR,NR,NR,NR,NR,NR,NR,NR,NR,NR,NR,NR,NR,NR,NR,NR,NR,NR,NR,NR,NR,2022-12-28,,,
THOUBAL,NR,NR,NR,NR,NR,NR,NR,NR,NR,NR,NR,NR,NR,NR,NR,NR,NR,NR,NR,NR,NR,NR,2022-12-28,,,
UKHRUL,NR,NR,NR,NR,NR,NR,NR,NR,NR,NR,NR,NR,NR,NR,NR,NR,NR,NR,NR,NR,NR,NR,2022-12-28,,,
SHILLONG,36,38,36,80,107,107,110,95,45,70,NR,165,130,153,NR,NR,70,300,30,23,40,43,2022-12-28,25.5760446,91.8825282,NORTH EAST ZONE
TURA,22,40,38,80,120,120,110,100,45,70,NR,175,NR,160,180,115,80,500,22,32,37,43,2022-12-28,47.3900474,0.6889268,NORTH EAST ZONE
JOWAI,25,40,38,80,100,115,110,90,45,70,NR,160,NR,160,200,140,70,360,30,30,40,47,2022-12-28,25.441116,92.1955478,NORTH EAST ZONE
SOHRA,25,39,38,NR,110,130,110,90,45,68,NR,160,NR,160,NR,NR,100,330,28,45,50,60,2022-12-28,25.2837969,91.7193603,NORTH EAST ZONE
MAIRANG,25,40,38,NR,NR,NR,NR,90,45,70,NR,150,NR,150,NR,NR,NR,340,12,23,40,47,2022-12-28,25.6734009,91.6414272,NORTH EAST ZONE
NONGPOH,NR,NR,NR,NR,NR,NR,NR,NR,NR,NR,NR,NR,NR,NR,NR,NR,NR,NR,NR,NR,NR,NR,2022-12-28,,,
KHLIEHRIAT,NR,NR,NR,NR,NR,NR,NR,NR,NR,NR,NR,NR,NR,NR,NR,NR,NR,NR,NR,NR,NR,NR,2022-12-28,,,
WILLIAMNAGAR,25,45,45,83,120,NR,130,100,46,70,NR,193,NR,203,NR,150,NR,320,15,25,40,47,2022-12-28,,,
NONGSTOIN,NR,NR,NR,NR,NR,NR,NR,NR,NR,NR,NR,NR,NR,NR,NR,NR,NR,NR,NR,NR,NR,NR,2022-12-28,,,
AIZAWL,NR,NR,NR,NR,NR,NR,NR,NR,NR,NR,NR,NR,NR,NR,NR,NR,NR,NR,NR,NR,NR,NR,2022-12-28,23.7435236,92.7382905,NORTH EAST ZONE
LUNGLEI,50,40,45,98,NR,NR,120,105,50,75,NR,190,220,150,NR,NR,100,130,25,40,60,70,2022-12-28,,,
KOLASIB,45,40,40,95,120,130,100,95,48,75,NR,193,NR,145,220,137,100,320,25,35,43,67,2022-12-28,,,
MAMIT,50,NR,40,NR,NR,NR,NR,110,50,75,NR,NR,NR,150,NR,NR,NR,130,30,40,50,70,2022-12-28,,,
CHAMPHAI,55,NR,50,NR,NR,NR,NR,120,50,80,NR,NR,NR,170,NR,NR,NR,130,30,50,77,70,2022-12-28,,,
SERCHHIP,NR,NR,NR,NR,NR,NR,NR,NR,NR,NR,NR,NR,NR,NR,NR,NR,NR,NR,NR,NR,NR,NR,2022-12-28,,,
SIAHA,NR,NR,NR,NR,NR,NR,NR,NR,NR,NR,NR,NR,NR,NR,NR,NR,NR,NR,NR,NR,NR,NR,2022-12-28,,,
LAWNGTLAI,44,39,39,80,110,100,110,100,50,60,180,180,96,177,110,110,47,520,23,35,53,52,2022-12-28,,,
KOHIMA,NR,NR,NR,NR,NR,NR,NR,NR,NR,NR,NR,NR,NR,NR,NR,NR,NR,NR,NR,NR,NR,NR,2022-12-28,25.75,94.166667,NORTH EAST ZONE
DIMAPUR,NR,NR,NR,NR,NR,NR,NR,NR,NR,NR,NR,NR,NR,NR,NR,NR,NR,NR,NR,NR,NR,NR,2022-12-28,25.9136459,93.7283456,NORTH EAST ZONE
TUENSANG,NR,NR,NR,NR,NR,NR,NR,NR,NR,NR,NR,NR,NR,NR,NR,NR,NR,NR,NR,NR,NR,NR,2022-12-28,26.1685055,94.8581982,NORTH EAST ZONE
MOKOCHUNG,NR,NR,NR,NR,NR,NR,NR,NR,NR,NR,NR,NR,NR,NR,NR,NR,NR,NR,NR,NR,NR,NR,2022-12-28,,,
CHUMUKEDIMA,NR,NR,NR,NR,NR,NR,NR,NR,NR,NR,NR,NR,NR,NR,NR,NR,NR,NR,NR,NR,NR,NR,2022-12-28,,,
MON,NR,NR,NR,NR,NR,NR,NR,NR,NR,NR,NR,NR,NR,NR,NR,NR,NR,NR,NR,NR,NR,NR,2022-12-28,,,
PEREN,NR,NR,NR,NR,NR,NR,NR,NR,NR,NR,NR,NR,NR,NR,NR,NR,NR,NR,NR,NR,NR,NR,2022-12-28,,,
PHEK,NR,NR,NR,NR,NR,NR,NR,NR,NR,NR,NR,NR,NR,NR,NR,NR,NR,NR,NR,NR,NR,NR,2022-12-28,,,
TSEMINYU,40,NR,30,120,NR,120,120,100,45,68,NR,160,220,170,200,NR,NR,350,13,35,40,70,2022-12-28,,,
WOKHA,NR,NR,NR,NR,NR,NR,NR,NR,NR,NR,NR,NR,NR,NR,NR,NR,NR,NR,NR,NR,NR,NR,2022-12-28,,,
ZUNHEBOTO,NR,NR,NR,NR,NR,NR,NR,NR,NR,NR,NR,NR,NR,NR,NR,NR,NR,NR,NR,NR,NR,NR,2022-12-28,,,
KIPHIRE,NR,NR,NR,NR,NR,NR,NR,NR,NR,NR,NR,NR,NR,NR,NR,NR,NR,NR,NR,NR,NR,NR,2022-12-28,,,
LONGLENG,NR,NR,NR,NR,NR,NR,NR,NR,NR,NR,NR,NR,NR,NR,NR,NR,NR,NR,NR,NR,NR,NR,2022-12-28,,,
NIULAND,NR,NR,NR,NR,NR,NR,NR,NR,NR,NR,NR,NR,NR,NR,NR,NR,NR,NR,NR,NR,NR,NR,2022-12-28,,,
SHAMATOR,40,NR,NR,NR,110,NR,120,120,50,NR,NR,190,210,185,NR,NR,NR,160,20,60,50,70,2022-12-28,,,
GANGTOK,53,38,40,79,118,120,113,102,48,62,NR,198,143,176,220,NR,60,547,17,30,35,35,2022-12-28,27.329046,88.6122673,NORTH EAST ZONE
GYALSHING,55,35,41,80,120,120,120,103,50,62,NR,198,145,198,220,NR,60,473,20,33,38,40,2022-12-28,,,
NAMCHI,58,32,45,80,120,130,106,92,45,62,NR,183,114,167,190,NR,50,420,21,35,35,35,2022-12-28,,,
SORENG,53,36,37,80,135,135,115,115,48,62,NR,203,137,170,242,NR,45,460,17,42,40,40,2022-12-28,,,
AGARTALA,32,NR,40,75,125,110,110,110,49,72,NR,173,138,159,190,125,54,179,10,29,40,38,2022-12-28,23.8312377,91.2823821,NORTH EAST ZONE
DHARMANAGAR,35,NR,37,77,110,111,93,100,43,69,NR,152,130,145,200,117,53,220,10,27,32,43,2022-12-28,,,
BELONIA,NR,NR,NR,NR,NR,NR,NR,NR,NR,NR,NR,NR,NR,NR,NR,NR,NR,NR,NR,NR,NR,NR,2022-12-28,,,
TR-UDAIPUR,NR,NR,NR,NR,NR,NR,NR,NR,NR,NR,NR,NR,NR,NR,NR,NR,NR,NR,NR,NR,NR,NR,2022-12-28,,,
VIJAYWADA,55,47,53,73,116,124,111,98,43,68,170,179,134,NR,153,107,55,297,19,33,30,31,2022-12-28,16.511298,80.6346206,SOUTH ZONE
VISAKHAPATNAM,39,36,36,72,108,112,110,90,41,52,177,176,103,NR,151,101,45,257,19,17,27,14,2022-12-28,17.7231276,83.3012842,SOUTH ZONE
KURNOOL,52,42,41,71,118,127,111,115,40,61,167,211,134,190,149,97,60,450,24,39,27,11,2022-12-28,15.8309251,78.0425373,SOUTH ZONE
TIRUPATHI,60,40,40,70,117,121,103,107,40,46,175,217,112,150,168,120,58,383,20,36,31,30,2022-12-28,13.6269139,79.3866426,SOUTH ZONE
JAMMALAMADUGU,40,40,42,65,100,110,110,100,35,60,182,258,120,200,192,165,54,200,20,40,20,20,2022-12-28,14.8260415,78.3990388,SOUTH ZONE
DHARMAVARAM,NR,NR,NR,NR,NR,NR,NR,NR,NR,NR,NR,NR,NR,NR,NR,NR,NR,NR,NR,NR,NR,NR,2022-12-28,,,
PRAKASAM,NR,NR,NR,NR,NR,NR,NR,NR,NR,NR,NR,NR,NR,NR,NR,NR,NR,NR,NR,NR,NR,NR,2022-12-28,,,
BENGALURU,48,39,42,75,114,120,108,105,40,43,213,186,101,158,154,107,58,440,16,32,27,14,2022-12-28,12.9767936,77.590082,SOUTH ZONE
DHARWAD,49,41,58,76,127,127,112,116,38,46,206,202,157,143,154,100,54,393,26,35,28,18,2022-12-28,15.4540505,75.0066516,SOUTH ZONE
MANGALORE,48,45,58,67,120,109,100,90,38,39,184,198,140,147,157,119,57,379,14,32,31,22,2022-12-28,12.8698101,74.8430082,SOUTH ZONE
MYSORE,50,40,53,84,111,97,105,96,38,40,201,193,167,152,152,113,60,340,19,37,27,18,2022-12-28,12.3051828,76.6553609,SOUTH ZONE
BENGALURU (EAST RANGE),47,41,39,77,124,118,109,93,39,40,160,188,98,157,154,102,55,240,15,30,31,18,2022-12-28,52.4945412,-0.6829023,SOUTH ZONE
BELAGAVI,52,40,39,65,116,101,97,91,42,52,217,185,132,148,166,116,48,280,19,30,29,18,2022-12-28,15.8572666,74.5069343,SOUTH ZONE
KALABURAGI,44,34,42,73,112,108,99,103,40,45,195,182,141,153,164,105,43,248,22,32,22,9,2022-12-28,17.166667,77.083333,SOUTH ZONE
TUMAKURU,52,40,42,82,108,118,108,108,40,43,184,186,143,155,154,103,59,297,17,33,30,18,2022-12-28,13.3400771,77.1006208,SOUTH ZONE
BELLARY,44,40,37,60,109,108,96,90,38,45,173,178,97,131,151,103,42,195,25,32,29,9,2022-12-28,15.1433952,76.9193876,SOUTH ZONE
DHAVANAGERE,57,41,63,72,116,115,105,103,39,44,172,205,128,143,158,107,53,266,25,33,26,17,2022-12-28,14.4644,75.9218,SOUTH ZONE
SHIVAMOGGA,48,41,38,74,122,120,110,108,40,46,200,182,105,136,158,105,45,240,25,35,32,11,2022-12-28,13.9326093,75.574978,SOUTH ZONE
VIJAYAPUR,49,39,45,79,122,118,112,118,40,52,201,215,188,171,182,109,58,319,19,34,21,15,2022-12-28,16.8054103,75.7179353,SOUTH ZONE
RAMANAGARA,48,39,40,71,105,123,113,112,38,44,156,200,105,155,150,100,49,193,17,40,25,20,2022-12-28,,,
RAICHUR,48,41,40,85,117,114,104,100,39,39,175,185,165,148,149,109,51,291,14,34,28,18,2022-12-28,,,
CHAMARAJANAGAR,44,40,37,71,117,113,95,72,39,40,172,193,104,NR,150,101,40,430,10,27,21,11,2022-12-28,,,
KOLAR,48,38,41,118,122,111,110,112,39,46,196,174,208,163,168,110,53,286,10,37,28,25,2022-12-28,,,
HAVERI,42,36,38,101,108,101,97,88,40,49,167,161,103,157,160,102,40,245,10,34,33,10,2022-12-28,,,
BAGALKOT,52,41,45,75,113,123,113,108,38,51,170,183,165,118,151,100,42,413,25,37,37,35,2022-12-28,,,
BIDAR,46,40,44,76,118,120,103,102,36,75,182,192,125,149,160,109,35,300,29,34,25,20,2022-12-28,,,
KOPPAL,45,39,47,69,112,121,111,103,38,42,167,172,133,165,155,102,41,240,12,39,31,11,2022-12-28,,,
MANDYA,47,42,43,75,115,126,103,98,39,40,181,178,108,160,150,98,44,325,17,30,30,21,2022-12-28,,,
YADGIR,46,43,47,72,117,130,110,110,41,57,178,175,118,155,151,101,43,407,26,42,50,42,2022-12-28,,,
CHIKKAMAGALUR,44,38,40,80,116,116,106,98,38,44,162,186,123,134,152,99,54,272,17,41,39,16,2022-12-28,,,
T.PURAM,57,42,62,115,138,153,147,136,41,47,237,197,175,NR,163,121,80,267,15,47,34,33,2022-12-28,13.0064917,76.1005354,SOUTH ZONE
ERNAKULAM,50,45,44,97,142,149,125,121,43,55,208,195,167,NR,167,123,62,232,16,45,33,32,2022-12-28,9.98408,76.2741457,SOUTH ZONE
KOZHIKODE,40,44,51,83,132,137,127,113,42,50,207,215,155,NR,158,116,61,227,14,37,32,23,2022-12-28,11.2450558,75.7754716,SOUTH ZONE
THRISSUR,50,42,54,104,144,135,131,119,44,54,225,224,175,NR,166,132,65,259,15,51,38,31,2022-12-28,10.5256264,76.2132542,SOUTH ZONE
PALAKKAD,42,41,46,81,133,133,120,111,41,50,213,200,153,NR,156,104,53,253,12,39,32,21,2022-12-28,10.7878985,76.4740871,SOUTH ZONE
WAYANAD,59,47,41,95,135,131,126,114,38,52,NR,213,168,NR,163,111,51,210,15,40,30,24,2022-12-28,11.715219,76.1269029,SOUTH ZONE
KASARGOD,NR,NR,NR,NR,NR,NR,NR,NR,NR,NR,NR,NR,NR,NR,NR,NR,NR,NR,NR,NR,NR,NR,2022-12-28,12.4914722,74.9877613,SOUTH ZONE
KOTTAYAM,56,41,39,121,131,127,111,113,40,54,NR,213,178,NR,152,108,60,233,13,45,27,43,2022-12-28,9.6287383,76.6455326,SOUTH ZONE
PATHANAMTHITTA,55,34,38,95,123,135,118,118,41,53,NR,248,190,NR,170,120,65,237,14,50,30,40,2022-12-28,9.2780841,76.9737443,SOUTH ZONE
ALAPUZHA,57,47,63,95,131,135,127,121,40,52,NR,NR,166,NR,161,NR,61,195,13,46,33,34,2022-12-28,,,
KOLLAM,62,47,45,94,147,137,126,114,42,51,244,NR,175,NR,169,125,70,236,16,46,41,36,2022-12-28,,,
IDUKKI,54,40,37,88,127,122,104,91,40,55,NR,211,160,NR,168,112,60,177,13,40,33,38,2022-12-28,,,
KANNUR,47,46,44,83,134,129,125,110,40,52,NR,NR,170,NR,162,100,50,259,15,38,28,20,2022-12-28,,,
MALAPURAM,44,45,46,82,132,131,117,121,40,52,228,220,171,NR,179,108,50,243,15,37,30,19,2022-12-28,,,
PUDUCHERRY,NR,NR,NR,NR,NR,NR,NR,NR,NR,NR,NR,NR,NR,NR,NR,NR,NR,NR,NR,NR,NR,NR,2022-12-28,11.9340568,79.8306447,SOUTH ZONE
CHENNAI,61,41,39,76,127,129,113,96,38,40,186,177,119,NR,154,97,64,303,25,32,24,22,2022-12-28,13.0836939,80.270186,SOUTH ZONE
DINDIGUL,57,40,50,76,125,121,108,97,40,43,225,205,125,NR,162,107,60,300,25,35,32,20,2022-12-28,10.3303299,78.0673979,SOUTH ZONE
THIRUCHIRAPALLI,56,38,61,72,124,126,111,105,40,43,226,197,130,NR,158,104,57,NR,27,48,39,17,2022-12-28,10.7905,78.7047,SOUTH ZONE
COIMBATORE,42,39,40,74,120,122,110,86,40,40,245,175,133,NR,168,111,57,240,25,30,30,24,2022-12-28,11.0018115,76.9628425,SOUTH ZONE
TIRUNELVELI,39,40,60,72,120,120,108,90,39,40,247,211,136,NR,169,110,51,248,25,33,30,19,2022-12-28,8.72953,77.6852,SOUTH ZONE
CUDDALORE,52,45,53,77,127,127,114,111,39,46,191,199,172,NR,155,104,51,300,22,52,31,16,2022-12-28,11.7564329,79.7634644,SOUTH ZONE
DHARMAPURI,52,40,38,68,120,118,102,90,38,43,225,NR,115,NR,165,108,50,270,25,35,30,15,2022-12-28,12.0968048,78.193043,SOUTH ZONE
VELLORE,53,41,39,76,120,117,110,95,40,40,198,219,127,NR,162,108,55,270,26,38,33,17,2022-12-28,12.7948109,79.0006411,SOUTH ZONE
RAMANATHAPURAM,50,38,59,69,121,126,102,109,40,43,221,245,133,NR,170,114,49,277,26,46,36,31,2022-12-28,9.3895523,78.8590707,SOUTH ZONE
HYDERABAD,49,37,37,67,108,103,98,97,36,52,163,172,145,173,157,105,51,260,16,23,23,20,2022-12-28,17.360589,78.4740613,SOUTH ZONE
KARIMNAGAR,36,37,50,70,120,125,105,95,40,58,167,173,110,NR,154,100,55,304,20,30,33,15,2022-12-28,18.4346438,79.1322648,SOUTH ZONE
WARANGAL,42,38,37,73,96,107,98,98,41,54,171,180,155,175,177,126,54,275,15,31,28,36,2022-12-28,17.9819448,79.5969982,SOUTH ZONE
ADILABAD,50,38,47,66,113,99,99,88,38,70,168,210,140,167,150,102,63,350,23,30,33,15,2022-12-28,19.5,78.5,SOUTH ZONE
SURYAPET,35,35,28,63,95,95,96,90,47,58,183,188,163,NR,158,108,55,282,20,15,37,60,2022-12-28,17.0800139,79.792533,SOUTH ZONE
JADCHERLA,40,30,50,75,110,125,110,95,39,57,170,178,126,NR,184,140,55,292,14,15,15,30,2022-12-28,16.7699159,78.1377227,SOUTH ZONE
KHAMMAM,49,33,37,61,95,104,95,87,39,NR,NR,NR,NR,NR,NR,NR,NR,343,23,NR,NR,NR,2022-12-28,,,
MEDCHAL,46,35,36,61,114,105,107,97,38,61,169,198,138,120,150,110,44,165,18,15,30,11,2022-12-28,,,
NIZAMABAD,44,43,38,82,117,112,112,104,42,75,177,182,112,NR,160,115,67,341,13,39,36,13,2022-12-28,,,
SANGAREDDY,43,36,37,67,114,117,98,87,38,64,154,174,134,158,168,104,57,365,21,34,24,17,2022-12-28,,,
