Title,Rice,Wheat,Atta,Gram Dal,Tur/Arhar Dal,Urad Dal,Moong Dal,Masoor Dal,Sugar,Milk,Groundnut Oil,Mustard Oil,Vanaspati/Dalda,Soya Oil,Sunflower Oil,Palm Oil,Jaggery,Tea,Salt,Potato,Onion,Tomato,Date,Lat,Lon,Zone
Chandigarh,45,32,39,88,125,123,112,90,57,61,215,210,174,174,196,154,63,275,28,22,55,41,2026-10-01,30.7334421,76.7797143,NORTH ZONE
Delhi,45,34,35,92,130,137,120,92,53,59,231,207,187,198,220,181,73,237,29,23,50,43,2026-10-01,28.6517178,77.2219388,NORTH ZONE
Hisar,42,30,34,85,125,115,110,87,54,62,229,205,167,161,183,134,58,252,29,21,60,47,2026-10-01,29.080641,75.7887541,NORTH ZONE
Karnal,45,28,36,92,136,127,120,96,55,70,245,209,199,180,201,184,69,220,30,20,60,50,2026-10-01,29.6803266,76.9896254,NORTH ZONE
Panchkula,40,35,45,92,132,116,117,99,47,70,197,192,170,176,182,NR,62,220,NR,36,62,39,2026-10-01,30.7137692,76.868276,NORTH ZONE
Gurgaon,45,28,34,83,121,136,107,79,55,69,215,215,195,161,156,126,65,290,18,24,60,50,2026-10-01,28.4282624,77.0027001,NORTH ZONE
Shimla,40,NR,35,89,132,131,120,87,62,60,247,234,187,183,NR,NR,60,243,31,27,53,42,2026-10-01,31.1041526,77.1709729,NORTH ZONE
Mandi,41,NR,36,94,130,134,113,87,62,62,237,224,192,176,190,NR,67,260,32,20,57,45,2026-10-01,31.6723392,76.9533169,NORTH ZONE
Dharamshala,38,NR,32,86,129,127,117,89,60,44,NR,218,177,167,NR,NR,54,235,32,20,60,40,2026-10-01,32.2143039,76.3196717,NORTH ZONE
Solan,40,NR,35,90,126,130,113,89,56,55,226,229,178,162,181,NR,64,230,30,25,50,40,2026-10-01,30.9258958,77.0820051,NORTH ZONE
Una,39,NR,34,91,116,123,102,87,61,69,NR,208,194,180,NR,NR,64,249,31,17,55,39,2026-10-01,31.583333,76.25,NORTH ZONE
Bilaspur-hp,41,NR,34,87,127,129,112,86,58,66,NR,198,195,177,NR,NR,68,200,31,20,60,43,2026-10-01,31.3380959,76.7611631,NORTH ZONE
Chamba,38,NR,39,89,127,125,118,90,59,55,NR,203,185,181,NR,NR,66,233,30,25,60,50,2026-10-01,32.518429,76.2308657,NORTH ZONE
Hamirpur-HP,40,NR,34,86,126,123,108,82,59,69,NR,226,190,173,NR,NR,66,265,31,26,53,48,2026-10-01,,,
Kullu,40,NR,36,88,130,127,110,84,58,50,NR,231,181,184,NR,NR,65,220,31,28,60,40,2026-10-01,,,
Sirmour,41,NR,35,90,125,125,115,85,55,51,233,210,178,162,NR,NR,60,273,30,20,60,40,2026-10-01,,,
Kinnaur,40,NR,37,88,127,126,104,80,57,60,NR,235,186,201,NR,NR,55,260,31,27,70,60,2026-10-01,,,
Lahaul & Spiti,40,NR,37,94,123,124,114,95,61,51,NR,242,214,NR,NR,NR,57,480,32,28,56,51,2026-10-01,,,
Srinagar,45,41,45,93,146,125,130,107,60,55,NR,214,185,179,187,NR,60,320,32,27,53,35,2026-10-01,34.0747444,74.8204443,NORTH ZONE
Jammu,50,32,38,86,114,121,118,91,59,56,NR,230,176,173,171,118,63,303,30,25,60,45,2026-10-01,32.7185614,74.8580917,NORTH ZONE
Poonch,47,35,46,103,154,129,120,103,61,80,NR,231,188,188,NR,NR,70,350,30,25,68,46,2026-10-01,33.8572218,73.7604031,NORTH ZONE
Kupwara,43,39,40,117,NR,143,NR,110,64,55,NR,229,187,185,NR,NR,58,497,30,25,72,52,2026-10-01,34.6110236,74.2384787,NORTH ZONE
Shopian,42,36,49,122,120,120,122,105,70,50,NR,241,175,NR,NR,NR,70,300,30,27,60,50,2026-10-01,,,
Amritsar,40,28,33,87,137,135,112,90,52,59,238,209,175,158,192,NR,69,273,29,20,52,40,2026-10-01,31.6343083,74.8736788,NORTH ZONE
Ludhiana,43,29,38,90,139,137,120,100,55,67,234,216,183,172,205,NR,77,275,28,18,60,40,2026-10-01,30.9090157,75.851601,NORTH ZONE
Bathinda,40,28,33,88,135,137,113,90,52,58,242,214,181,157,196,145,70,273,29,17,52,38,2026-10-01,30.1791154,75.0471016,NORTH ZONE
Barnala,40,27,33,90,135,127,112,100,54,67,246,196,181,148,205,150,65,273,32,15,58,47,2026-10-01,,,
Hoshiarpur,36,28,37,84,124,119,112,106,55,71,229,201,177,144,157,126,69,272,25,15,52,47,2026-10-01,,,
Faridkot,40,30,34,89,135,135,115,90,54,70,237,192,179,153,202,138,75,281,30,20,57,40,2026-10-01,,,
Mansa,40,27,33,88,132,135,115,97,53,61,NR,207,174,156,NR,137,73,280,29,20,60,43,2026-10-01,,,
Sri Muktsar Sahib,41,28,33,90,140,140,118,90,52,66,218,187,179,148,176,132,72,287,29,16,58,42,2026-10-01,,,
Dera Bassi,40,28,33,90,135,135,120,100,53,61,NR,209,176,161,NR,NR,77,268,29,18,58,40,2026-10-01,,,
Sangrur,42,30,34,95,140,140,109,88,54,65,246,198,193,190,196,177,60,263,32,14,55,40,2026-10-01,,,
Ropar,40,28,33,88,133,135,113,97,53,61,240,207,176,160,NR,141,75,277,29,19,58,42,2026-10-01,,,
Amargarh,42,30,34,95,135,140,108,85,55,65,245,198,193,193,195,181,60,250,32,12,55,40,2026-10-01,,,
Fatehgarh Sahib,47,29,35,97,135,122,115,105,51,60,256,198,180,178,201,125,61,290,30,15,57,38,2026-10-01,,,
Ferozepur,51,32,34,95,135,130,120,95,52,65,242,189,182,148,209,143,69,330,30,19,62,38,2026-10-01,,,
Kapurthala,38,30,39,70,133,125,110,93,52,70,231,200,167,148,181,154,65,280,30,17,50,42,2026-10-01,,,
Lucknow,40,30,32,87,121,120,105,75,50,65,214,199,166,177,188,160,65,258,20,19,48,38,2026-10-01,26.8381,80.9346001,NORTH ZONE
Kanpur,40,28,32,96,121,118,102,90,54,60,205,211,154,146,157,133,65,237,26,20,45,34,2026-10-01,26.4609135,80.3217588,NORTH ZONE
Varanasi,47,28,38,86,128,126,104,81,55,69,213,205,176,175,203,178,70,238,22,21,43,41,2026-10-01,25.3356491,83.0076292,NORTH ZONE
Agra,45,31,34,84,115,100,92,75,52,70,221,201,183,179,205,185,65,251,27,19,52,40,2026-10-01,27.1752554,78.0098161,NORTH ZONE
Jhansi,53,29,35,82,133,128,108,83,54,68,218,189,180,150,201,132,67,233,22,20,49,35,2026-10-01,25.5301308,78.6524215,NORTH ZONE
Meerut,37,32,37,91,118,116,90,86,52,65,194,184,181,182,189,176,50,287,20,19,49,39,2026-10-01,29.0006525,77.7682288,NORTH ZONE
Allahabad,57,29,35,89,121,135,127,97,53,56,222,207,179,164,201,150,66,337,30,18,42,39,2026-10-01,25.4381302,81.8338005,NORTH ZONE
Gorakhpur,45,28,36,85,119,116,109,85,52,55,202,200,158,158,168,125,63,225,22,20,49,36,2026-10-01,26.6711433,83.3645724,NORTH ZONE
Saharanpur,40,26,32,82,117,117,110,88,50,58,NR,175,155,154,172,139,55,242,21,16,50,37,2026-10-01,29.9880774,77.5081299,NORTH ZONE
Bareilly,39,27,36,92,124,132,110,107,51,72,223,201,174,174,191,167,70,287,26,10,46,39,2026-10-01,28.416667,79.383333,NORTH ZONE
Ayodhya,38,32,35,90,118,125,110,95,50,60,198,198,187,176,174,143,60,250,28,20,48,40,2026-10-01,26.7990707,82.2052321,NORTH ZONE
Moradabad,39,27,32,83,117,116,107,86,48,60,200,191,163,161,171,138,57,236,21,17,51,44,2026-10-01,28.8638424,78.8057783,NORTH ZONE
Aligarh,41,28,34,85,120,119,109,86,53,56,202,195,161,161,186,145,63,247,20,19,51,36,2026-10-01,27.833333,78.166667,NORTH ZONE
Mirzapur (Vindhyanchal),34,26,34,84,115,110,104,84,55,51,184,179,150,137,148,113,55,218,22,16,45,45,2026-10-01,25.14582,82.56975,NORTH ZONE
Banda,37,28,33,81,118,112,101,80,53,55,225,203,172,148,179,NR,63,158,19,11,48,38,2026-10-01,-5.5,126.5,NORTH ZONE
Azamgarh,30,30,34,84,122,120,116,88,54,61,NR,215,183,182,201,178,70,281,28,14,55,40,2026-10-01,26.0226968,83.0288734,NORTH ZONE
Gonda (Devipatan),39,27,35,85,118,128,125,88,50,53,216,205,170,168,179,128,65,257,20,15,50,38,2026-10-01,27.13253,81.96897,NORTH ZONE
Amethi,35,28,32,84,118,128,112,89,55,55,233,216,181,185,192,142,68,232,20,20,49,40,2026-10-01,,,
Barabanki,43,29,35,77,115,118,109,78,51,60,200,190,168,167,175,130,61,225,22,17,48,37,2026-10-01,,,
Bhadohi,32,27,35,85,100,125,115,85,52,72,214,198,176,161,187,126,70,215,22,14,45,40,2026-10-01,,,
Chandauli,35,27,35,84,125,120,115,80,48,59,225,198,187,143,197,121,70,247,19,12,52,36,2026-10-01,,,
Farrukhabad,50,27,32,87,118,128,110,90,51,65,226,220,165,159,220,135,62,187,19,11,50,50,2026-10-01,,,
Ghazipur,43,30,35,85,125,120,114,92,50,65,200,194,158,156,191,146,66,271,24,13,48,40,2026-10-01,,,
Jaunpur,45,28,35,87,126,122,113,84,51,65,210,204,167,163,186,135,67,273,23,19,52,32,2026-10-01,,,
UP-Pratapgarh,41,28,32,79,119,119,115,85,54,54,214,205,169,159,175,128,70,251,20,13,49,40,2026-10-01,,,
Sambhal,42,28,33,85,105,115,100,95,50,57,200,186,156,144,159,144,59,259,19,15,51,39,2026-10-01,,,
Santkabir Nagar,44,26,35,76,122,117,114,72,59,67,215,221,164,152,173,123,49,265,30,19,50,45,2026-10-01,,,
Shahjahanpur,32,29,34,83,118,107,107,100,50,57,183,178,148,136,159,127,59,222,20,14,46,39,2026-10-01,,,
Sitapur,39,28,35,85,113,110,108,85,55,60,195,180,150,146,158,134,61,230,20,19,50,39,2026-10-01,,,
Sultanpur,42,30,34,85,120,117,108,87,53,58,205,189,167,159,183,156,63,267,20,20,50,37,2026-10-01,,,
Unnao,42,28,31,88,122,120,108,88,55,60,211,201,165,163,179,152,67,253,20,16,50,48,2026-10-01,,,
Ambedkar Nagar,39,26,35,80,120,128,130,90,51,60,225,220,164,161,161,138,65,204,28,16,50,38,2026-10-01,,,
Amroha,43,28,34,82,120,119,97,87,52,61,250,180,151,158,176,136,66,233,22,18,49,39,2026-10-01,,,
Baghpat,44,NR,32,87,132,127,112,102,50,70,222,211,176,172,176,143,68,210,29,20,50,40,2026-10-01,,,
Bijnor,44,28,35,80,101,108,92,82,54,58,211,200,164,175,197,156,65,278,21,12,51,31,2026-10-01,,,
Budaun,38,25,30,86,112,104,99,94,53,65,214,184,179,168,183,129,55,280,21,12,50,30,2026-10-01,,,
Etah,44,29,35,83,118,115,110,90,56,61,207,198,161,156,181,115,59,270,22,19,48,38,2026-10-01,,,
Fatehpur,46,28,35,87,121,133,117,91,52,61,212,202,173,162,180,131,68,237,20,15,51,38,2026-10-01,,,
Ghaziabad,38,30,35,81,121,117,108,92,54,58,233,199,179,171,188,154,68,203,22,17,49,39,2026-10-01,,,
Hardoi,44,28,35,85,123,118,104,90,51,59,209,198,164,160,189,141,57,242,20,17,50,38,2026-10-01,,,
Jalaun,46,30,35,85,120,102,102,90,54,62,182,175,154,130,165,117,62,227,20,15,50,35,2026-10-01,,,
Kaushambi,47,26,36,86,122,130,112,89,52,56,211,202,179,164,195,132,68,237,21,19,50,38,2026-10-01,,,
Kushinagar,36,26,36,82,118,114,118,82,52,69,186,197,157,166,159,135,72,221,27,14,49,44,2026-10-01,,,
Lakhimpur Kheri,37,30,33,88,118,112,110,92,54,60,203,192,150,153,168,112,65,228,20,20,50,40,2026-10-01,,,
Pilibhit,44,29,33,90,115,120,115,98,52,58,223,207,174,172,196,146,58,263,20,14,45,38,2026-10-01,,,
Sharwasti,40,28,40,80,130,125,115,80,54,60,194,220,170,181,NR,130,60,218,29,18,50,28,2026-10-01,,,
Siddharth Nagar,40,29,35,88,124,131,114,82,54,65,219,209,171,164,167,131,73,237,23,14,54,35,2026-10-01,,,
Sonbhadra,35,26,31,75,115,105,102,80,54,45,176,165,152,132,154,121,68,210,24,16,52,38,2026-10-01,,,
Rampur,51,28,30,79,107,115,103,101,51,61,193,191,154,156,159,143,49,267,25,19,49,38,2026-10-01,,,
Bahraich,37,28,33,89,128,120,114,90,51,56,194,196,157,154,161,124,50,250,25,20,45,39,2026-10-01,,,
Basti,40,31,35,87,121,121,100,77,52,57,211,204,167,159,154,133,75,241,22,15,53,31,2026-10-01,,,
Etawah,45,27,32,85,120,116,110,86,55,65,214,201,169,167,NR,171,66,269,22,17,43,27,2026-10-01,,,
Muzzafarnagar,39,28,34,88,122,120,111,90,50,58,192,182,160,161,183,148,59,249,20,16,50,40,2026-10-01,,,
Chitrakoot,42,25,33,84,110,108,95,82,50,50,194,209,167,166,181,138,62,220,15,20,55,45,2026-10-01,,,
Hamirpur-UP,43,28,33,80,118,120,100,80,54,72,209,198,154,171,198,148,63,211,17,20,45,35,2026-10-01,,,
Deoria,36,29,32,83,117,119,107,85,52,61,225,200,154,143,224,118,57,228,19,16,53,45,2026-10-01,,,
Hapur,37,28,37,80,138,137,129,125,53,63,208,203,172,181,186,163,70,220,26,12,61,26,2026-10-01,,,
Bulandshahr,42,27,32,93,103,113,107,83,50,70,NR,190,160,172,158,156,51,222,19,19,48,30,2026-10-01,,,
Kanpur Dehat,39,27,32,82,118,127,99,82,51,67,205,194,151,159,180,128,69,223,26,18,47,37,2026-10-01,,,
Hathras,39,28,33,83,135,113,104,83,55,61,211,205,170,166,193,154,52,248,20,18,42,35,2026-10-01,,,
Raebareli,40,29,31,85,121,121,111,89,51,59,198,199,166,165,189,149,64,218,20,19,47,38,2026-10-01,,,
Lalitpur,36,28,31,75,109,110,105,85,54,60,178,170,146,143,175,118,55,235,20,15,50,33,2026-10-01,,,
Mohaba,35,23,30,85,112,100,97,83,52,64,179,182,155,156,188,124,58,190,23,20,42,32,2026-10-01,,,
Gautam Budh Nagar,38,31,36,83,124,117,110,92,53,59,236,204,181,167,188,150,67,183,22,10,40,37,2026-10-01,,,
Auraiya,44,28,37,84,123,119,107,86,54,59,197,187,156,163,163,138,68,219,25,21,47,35,2026-10-01,,,
Maharajganj,37,28,34,84,120,120,109,80,51,58,192,198,151,158,164,143,58,213,22,16,50,37,2026-10-01,,,
Balrampur,37,29,35,87,127,117,113,83,52,55,185,201,163,157,200,131,67,203,16,15,48,38,2026-10-01,,,
Kannauj,40,28,34,84,118,115,109,87,54,61,203,194,161,158,178,134,62,239,21,15,44,35,2026-10-01,,,
Mathura,32,27,33,89,122,129,119,92,54,66,228,182,141,141,157,120,57,263,27,18,50,35,2026-10-01,,,
Firozabad,41,31,36,82,117,112,98,78,51,60,229,201,183,181,210,167,67,268,21,21,48,33,2026-10-01,,,
Kasganj,45,27,35,87,124,112,113,95,56,62,222,205,174,178,203,159,65,248,21,20,52,40,2026-10-01,,,
Mainpuri,38,28,32,88,132,120,113,88,56,65,220,211,171,189,189,155,51,260,24,17,51,29,2026-10-01,,,
Shamli,40,27,31,80,120,122,108,87,49,51,192,187,159,152,165,132,58,230,18,16,50,35,2026-10-01,,,
Ballia,41,29,35,84,119,116,110,91,54,59,204,191,156,156,169,132,61,245,19,14,53,34,2026-10-01,,,
Mau,40,25,34,83,117,113,109,87,55,55,193,184,149,148,150,121,65,222,22,16,49,42,2026-10-01,,,
Dehradun,42,28,35,95,130,128,129,94,55,67,187,209,176,170,187,NR,70,250,32,20,60,40,2026-10-01,30.3255646,78.0436813,NORTH ZONE
Haldwani,45,30,35,99,142,135,133,93,52,62,232,210,156,190,191,168,65,272,32,30,51,43,2026-10-01,29.2144809,79.5279012,NORTH ZONE
Rudrapur,44,31,37,92,127,119,120,90,52,61,231,209,198,196,201,NR,63,270,30,16,54,40,2026-10-01,28.974744,79.3963951,NORTH ZONE
Haridwar,44,31,39,92,139,123,116,90,54,63,230,208,171,160,183,NR,64,290,28,15,60,41,2026-10-01,29.9384473,78.1452985,NORTH ZONE
Raipur,37,32,36,82,124,122,109,83,54,61,198,231,144,177,186,156,55,216,20,24,56,50,2026-10-01,21.2379469,81.6336833,WEST ZONE
Durg,41,39,40,83,115,118,113,87,NR,NR,187,166,155,169,176,170,NR,NR,NR,NR,NR,NR,2026-10-01,21.1990353,81.3979546,WEST ZONE
Ambikapur,37,30,35,93,118,112,103,95,55,49,172,161,174,159,165,NR,58,255,15,20,60,30,2026-10-01,23.1226343,83.1981886,WEST ZONE
Bilaspur-CG,52,35,41,96,117,108,112,89,46,55,194,180,159,175,178,170,56,225,26,24,42,43,2026-10-01,22.0811651,82.1406438,WEST ZONE
Jagdalpur,36,36,38,72,122,81,109,96,66,47,199,220,145,143,180,NR,53,194,17,25,62,38,2026-10-01,19.0870758,82.0235715,WEST ZONE
Dantewada,50,42,52,86,137,130,121,83,60,77,252,239,143,166,199,155,78,263,30,26,59,31,2026-10-01,18.8640648,81.3833947,WEST ZONE
Rajnandgaon,43,30,36,85,122,122,111,89,64,60,227,218,182,180,210,160,61,275,23,20,60,40,2026-10-01,,,
Koriya,39,35,39,81,108,97,102,81,59,75,205,163,153,151,168,NR,47,195,25,20,55,40,2026-10-01,,,
Silvasa,63,48,41,95,134,140,129,98,55,70,182,215,182,214,196,132,66,237,31,25,53,40,2026-10-01,,,
Daman,65,39,38,89,113,133,117,94,55,71,198,212,181,NR,217,132,61,217,32,30,54,40,2026-10-01,,,
Diu,55,41,51,95,150,153,130,107,55,68,227,240,NR,202,218,168,83,420,32,25,68,40,2026-10-01,,,
Panaji,67,48,47,103,132,145,135,103,59,65,236,209,203,181,178,152,78,315,28,35,65,32,2026-10-01,15.4989946,73.8282141,WEST ZONE
Margao,61,48,51,97,133,142,123,95,56,66,255,249,223,190,212,185,72,350,25,33,63,35,2026-10-01,,,
Ahmedabad,39,39,39,97,121,122,104,97,57,68,197,204,172,191,201,179,59,211,23,34,54,37,2026-10-01,23.0216238,72.5797068,WEST ZONE
Rajkot,34,33,40,91,123,113,107,95,54,68,194,195,152,167,189,157,62,205,18,23,52,37,2026-10-01,22.3053263,70.8028377,WEST ZONE
Surat,33,32,40,91,119,110,104,96,58,68,196,197,155,173,191,162,57,205,19,26,52,42,2026-10-01,45.9383,3.2553,WEST ZONE
Bhuj,38,30,36,90,121,111,99,95,59,63,189,185,150,176,191,163,58,201,17,29,52,30,2026-10-01,23.2472446,69.668339,WEST ZONE
Selamba,35,34,40,89,120,110,110,98,52,65,190,199,152,171,193,161,65,210,19,27,50,35,2026-10-01,21.5199054,73.8179195,WEST ZONE
Waghai,40,38,42,96,134,118,106,104,54,68,209,189,156,161,193,148,56,209,20,31,48,44,2026-10-01,20.771037,73.5016522,WEST ZONE
Bodeli,38,38,39,91,118,117,107,93,59,62,231,208,169,182,202,182,63,210,18,22,55,40,2026-10-01,22.2748105,73.7166363,WEST ZONE
Vapi,34,32,36,90,116,114,102,94,56,66,190,187,147,167,189,152,58,205,18,28,44,46,2026-10-01,20.3735482,72.9084376,WEST ZONE
Bilimora,41,43,38,106,114,132,118,98,59,69,227,209,194,194,194,199,65,228,23,28,51,46,2026-10-01,,,
Idar,41,36,38,92,117,130,101,92,57,72,211,189,154,173,190,149,68,248,17,32,51,35,2026-10-01,,,
Songash,44,30,37,87,123,122,111,90,56,60,208,202,167,168,193,155,65,270,21,21,53,38,2026-10-01,,,
Bhopal,38,29,34,82,128,112,104,90,55,62,187,214,182,167,198,NR,63,255,10,20,50,40,2026-10-01,23.2584857,77.401989,WEST ZONE
Indore,41,28,35,85,120,123,110,84,55,65,192,180,170,171,159,147,69,268,15,17,42,33,2026-10-01,22.7203616,75.8681996,WEST ZONE
Gwalior,44,29,34,80,119,122,110,90,52,63,212,181,172,160,184,NR,61,222,12,19,49,44,2026-10-01,26.2037247,78.1573628,WEST ZONE
Jabalpur,40,31,35,84,120,118,112,88,54,60,205,196,156,161,187,128,55,250,18,21,52,31,2026-10-01,23.1608938,79.9497702,WEST ZONE
Rewa,35,28,35,76,106,95,94,78,55,55,177,154,148,147,147,NR,65,237,18,13,45,30,2026-10-01,24.756718,81.6549347,WEST ZONE
Sagar,40,29,32,88,128,123,98,88,52,60,207,194,150,165,190,154,62,265,18,15,40,33,2026-10-01,23.8096123,78.7591136,WEST ZONE
Jhabua,40,32,36,88,130,126,105,90,51,65,219,203,189,179,196,NR,65,298,15,28,30,17,2026-10-01,22.8858522,74.7251337,WEST ZONE
Hoshangabad,46,28,36,84,122,120,102,91,53,56,203,155,143,146,156,137,60,219,11,20,43,37,2026-10-01,22.6001502,77.9266452,WEST ZONE
Shahdol,38,29,35,86,120,112,110,83,55,60,203,186,142,153,181,NR,60,210,18,20,45,30,2026-10-01,23.3002343,81.364771,WEST ZONE
Ujjain,40,30,36,91,121,121,100,100,54,62,191,209,187,164,193,NR,69,262,18,22,42,32,2026-10-01,23.1885131,75.7716562,WEST ZONE
Morena,41,26,32,91,120,112,107,97,56,70,200,198,157,156,168,115,56,240,14,15,50,30,2026-10-01,26.166667,77.5,WEST ZONE
Anuppur,35,27,35,90,130,120,110,87,55,60,218,209,148,176,176,159,70,220,20,15,55,40,2026-10-01,,,
Bhind,40,28,33,85,111,111,111,89,57,61,202,177,162,155,161,119,69,250,15,16,47,47,2026-10-01,,,
Dhar,44,28,38,91,126,118,112,100,51,63,181,197,170,161,184,123,61,209,15,20,42,20,2026-10-01,,,
Harda,40,30,34,89,135,128,110,90,52,62,209,209,172,165,198,NR,65,220,20,20,40,30,2026-10-01,,,
Katni,40,32,32,80,120,120,117,90,55,55,176,156,131,148,156,114,62,205,27,12,50,25,2026-10-01,,,
Khandwa,42,32,34,80,118,123,112,90,52,53,214,192,181,165,187,NR,52,270,15,20,42,35,2026-10-01,,,
Mandla,40,32,39,87,118,120,108,87,52,50,229,200,176,167,203,NR,70,223,30,24,48,23,2026-10-01,,,
Rajgarh,40,28,32,80,140,120,105,90,50,60,205,205,187,175,203,NR,70,200,10,20,50,35,2026-10-01,,,
Sidhi,37,27,36,85,120,110,100,90,55,62,187,181,176,154,176,121,68,265,20,15,50,45,2026-10-01,,,
Chattarpur,40,30,35,80,120,120,103,90,55,50,198,209,176,170,163,128,60,223,20,15,50,37,2026-10-01,,,
Neemuch,44,30,32,90,136,110,100,86,52,65,207,165,148,154,198,NR,50,310,10,20,40,50,2026-10-01,,,
Burhanpur,49,33,40,89,121,120,110,81,59,67,191,188,170,167,181,154,64,265,31,20,45,25,2026-10-01,,,
Narshinpur,42,30,35,78,125,110,108,90,52,52,203,192,143,152,167,NR,60,235,12,15,50,30,2026-10-01,,,
Raisen,40,28,32,85,137,127,110,91,55,60,187,194,148,176,NR,NR,70,250,10,20,45,37,2026-10-01,,,
Sheopur,44,26,35,87,123,118,110,85,52,60,216,202,178,159,167,NR,62,205,28,20,45,30,2026-10-01,,,
Umaria,36,33,36,83,128,118,113,88,55,60,213,192,154,172,194,NR,60,220,15,15,43,38,2026-10-01,,,
Shajapur,40,26,32,88,125,125,110,88,51,60,209,205,165,165,203,NR,62,260,20,20,44,38,2026-10-01,,,
Dewas,41,28,33,86,121,115,107,89,53,64,199,189,171,169,187,NR,64,235,12,24,38,31,2026-10-01,,,
Khargone,40,28,35,78,120,122,110,85,55,52,186,156,132,170,152,NR,65,225,16,20,45,35,2026-10-01,,,
Chhindwara,50,35,38,82,125,117,121,88,53,53,215,220,170,181,189,163,58,203,11,25,46,29,2026-10-01,,,
Sehore,40,30,32,88,134,120,102,85,51,61,205,205,169,168,203,NR,65,287,12,20,44,38,2026-10-01,,,
MP-Ashoknagar,45,28,31,78,119,114,100,90,55,66,185,187,162,160,160,NR,53,211,14,20,40,41,2026-10-01,,,
Balaghat,37,33,38,90,127,125,113,90,49,52,NR,217,154,165,197,NR,67,200,28,20,50,27,2026-10-01,,,
Guna,44,26,32,78,122,113,100,80,50,60,202,193,178,163,181,134,60,217,20,12,47,28,2026-10-01,,,
Ratlam,41,30,34,84,126,125,111,90,52,62,209,195,165,164,187,157,65,252,10,23,38,33,2026-10-01,,,
Satna,40,28,38,90,130,100,95,95,NR,NR,NR,NR,NR,NR,NR,NR,NR,NR,NR,NR,NR,NR,2026-10-01,,,
Vidisha,40,30,35,81,123,123,107,90,50,55,205,203,156,170,194,NR,63,240,10,10,43,30,2026-10-01,,,
Alirajpur,38,30,36,90,125,122,114,92,55,72,179,214,185,178,190,NR,60,307,10,27,55,33,2026-10-01,,,
Betul,39,26,34,85,120,115,110,84,55,60,215,212,162,172,206,NR,54,241,12,20,46,25,2026-10-01,,,
Damoh,45,31,33,81,121,113,111,81,52,60,209,199,133,149,177,NR,61,211,13,16,47,35,2026-10-01,,,
Dindori,37,35,36,90,115,105,110,85,53,57,220,192,154,154,176,NR,64,235,12,20,40,30,2026-10-01,,,
Niwari,36,26,32,89,138,101,106,89,55,57,221,203,186,177,166,NR,65,215,30,20,47,42,2026-10-01,,,
Seoni,37,35,37,86,115,110,105,85,50,55,196,214,170,154,187,NR,60,215,11,20,52,25,2026-10-01,,,
Panna,38,26,36,79,120,100,95,90,55,52,181,176,137,154,137,115,65,210,11,15,45,30,2026-10-01,,,
Tikamgarh,35,25,30,90,120,110,95,90,55,55,205,167,142,149,147,NR,60,200,20,20,40,30,2026-10-01,,,
Datia,46,26,31,81,127,112,102,82,55,58,222,193,163,156,192,124,65,229,29,20,46,40,2026-10-01,,,
Maihar,40,30,32,92,103,100,97,80,62,60,230,198,165,154,187,126,70,205,15,20,50,40,2026-10-01,,,
Shivpuri,43,28,36,85,122,120,113,88,55,60,198,203,162,175,181,161,52,213,NR,20,48,35,2026-10-01,,,
Mandsaur,40,30,40,95,124,123,117,104,60,58,196,201,190,175,198,148,75,303,22,40,40,48,2026-10-01,,,
Mumbai,43,43,48,98,134,144,130,99,56,60,247,242,207,187,204,165,90,320,32,30,58,38,2026-10-01,19.0785451,72.878176,WEST ZONE
Nagpur,64,52,55,98,140,132,120,108,60,67,239,217,173,177,200,143,76,283,27,42,48,58,2026-10-01,21.1498134,79.0820556,WEST ZONE
Pune,43,40,54,88,103,112,104,83,55,76,209,214,168,168,190,168,65,357,31,37,56,34,2026-10-01,18.521428,73.8544541,WEST ZONE
Nashik,41,44,42,92,144,139,117,97,56,60,213,227,191,171,190,150,73,353,29,22,60,30,2026-10-01,20.0112475,73.7902364,WEST ZONE
Mangaon-Raigad,51,43,47,96,138,135,122,93,56,71,205,202,192,175,218,159,79,375,31,26,59,55,2026-10-01,18.2976135,73.2925142,WEST ZONE
Dharni,45,33,39,84,128,127,118,92,54,58,233,198,171,173,205,NR,67,322,13,22,48,35,2026-10-01,21.5623789,76.8904785,WEST ZONE
Latur,59,45,49,87,130,128,113,85,54,69,211,206,164,159,176,161,68,295,26,27,48,28,2026-10-01,18.3515907,76.7554236,WEST ZONE
Akluj,43,35,44,92,126,122,115,98,50,62,217,235,179,205,223,184,58,332,32,25,58,22,2026-10-01,,,
Arni Yavatmal,44,34,36,99,123,125,114,90,55,63,192,170,154,144,159,NR,62,300,10,30,40,40,2026-10-01,,,
Chandrapur,40,37,39,87,122,131,111,88,54,59,206,220,213,166,196,NR,68,267,30,23,58,20,2026-10-01,,,
Karad Satara,63,38,49,94,141,133,123,90,53,76,207,188,169,174,193,166,61,300,31,30,50,26,2026-10-01,,,
Ahemednagar,59,44,47,89,126,125,119,99,50,58,175,175,169,175,186,164,58,259,30,19,39,19,2026-10-01,,,
Khultabad,46,33,37,79,111,114,108,85,55,46,186,NR,148,166,175,153,65,320,20,31,43,36,2026-10-01,,,
Islampur,47,37,49,85,129,131,121,100,52,77,228,206,159,188,199,156,69,457,27,30,53,28,2026-10-01,,,
Kankavli,45,34,51,84,137,131,126,87,51,60,184,200,164,152,178,135,53,373,20,37,55,42,2026-10-01,,,
Partur,59,34,40,81,121,120,111,90,53,58,199,208,188,176,195,176,65,401,10,20,51,20,2026-10-01,,,
Gondia,60,37,41,89,129,132,122,87,54,68,212,222,154,168,190,172,68,265,30,18,55,30,2026-10-01,,,
Jalgaon,50,37,45,93,136,137,121,97,52,66,203,210,180,171,191,181,67,468,31,20,52,28,2026-10-01,,,
Akola,43,33,46,91,139,119,118,97,54,69,191,222,163,172,191,NR,71,327,30,23,53,30,2026-10-01,,,
Jaipur,61,32,41,94,139,128,113,89,56,69,228,205,186,170,199,149,68,314,20,21,51,40,2026-10-01,26.9154576,75.8189817,WEST ZONE
Jodhpur,49,32,34,74,102,105,99,73,52,53,222,220,NR,NR,192,NR,55,272,20,21,35,35,2026-10-01,26.2756829,73.0296973,WEST ZONE
Kota,49,33,36,83,132,130,116,87,57,65,213,211,156,168,214,NR,73,337,22,22,48,40,2026-10-01,25.1737019,75.8574194,WEST ZONE
Udaipur,49,32,34,85,125,128,115,83,53,50,216,212,187,187,189,179,68,337,29,20,57,32,2026-10-01,24.578721,73.6862571,WEST ZONE
Bharatpur,49,28,34,93,129,129,127,91,58,65,243,197,175,186,NR,NR,64,306,30,20,50,40,2026-10-01,27.2652124,77.3691255,WEST ZONE
Ajmer,52,42,42,82,117,117,97,77,61,55,216,211,166,150,177,139,67,300,25,17,NR,NR,2026-10-01,26.454041,74.6404656,WEST ZONE
Bikaner,62,38,40,88,120,128,99,90,54,54,177,187,168,170,167,161,63,247,15,20,51,41,2026-10-01,28.0159286,73.3171367,WEST ZONE
Bundi,44,28,33,81,116,116,102,85,48,60,209,192,165,185,220,NR,51,320,19,21,38,34,2026-10-01,,,
Rajsamand,42,30,35,82,120,120,100,80,53,60,220,209,147,177,187,NR,66,303,24,20,45,45,2026-10-01,,,
Alwar,53,30,32,85,125,122,103,93,64,60,234,173,125,151,186,NR,58,305,23,19,47,33,2026-10-01,,,
Banswara,43,38,43,92,142,136,122,99,52,59,239,217,173,184,184,NR,58,223,29,19,57,39,2026-10-01,,,
Baran,47,32,35,87,135,120,110,85,54,54,220,209,148,137,154,126,55,352,24,22,48,44,2026-10-01,,,
Barmer,50,33,35,90,130,110,115,85,57,54,187,209,170,193,209,117,53,300,22,20,30,32,2026-10-01,,,
Bhilwara,53,29,37,93,118,111,99,95,54,55,217,203,157,169,203,181,58,289,20,27,58,34,2026-10-01,,,
Chhitorgarh,47,31,37,88,125,123,112,90,55,60,231,223,185,182,212,168,65,332,23,26,53,40,2026-10-01,,,
Churu,45,30,33,85,115,110,100,90,55,44,225,197,159,NR,230,153,65,280,20,18,35,25,2026-10-01,,,
Dholapur,45,30,37,89,123,118,111,89,55,66,230,204,183,180,200,132,67,275,21,22,50,39,2026-10-01,,,
Dungarpur,38,32,34,80,109,122,112,84,53,52,194,201,150,190,171,158,62,269,25,21,59,38,2026-10-01,,,
Hanumangarh,44,27,35,80,128,130,123,102,55,59,202,203,188,154,150,NR,67,350,20,25,54,41,2026-10-01,,,
Jaisalmer,40,33,35,81,109,118,99,81,59,62,211,205,141,146,189,134,70,253,20,21,45,41,2026-10-01,,,
Jhalawar,45,25,32,85,129,118,100,88,56,59,189,176,159,176,181,170,52,298,19,22,45,40,2026-10-01,,,
Jhunjhunu,47,29,34,80,116,124,103,83,50,56,209,205,148,180,NR,176,70,297,30,20,50,40,2026-10-01,,,
Karauli,46,29,34,88,124,123,111,90,55,55,226,216,186,183,210,167,59,321,20,20,52,40,2026-10-01,,,
Pali,55,33,33,91,128,128,90,74,63,56,201,167,168,163,162,123,45,234,24,30,55,33,2026-10-01,,,
RJ-Pratapgarh,44,29,33,78,127,125,109,84,54,47,229,180,154,159,NR,NR,58,300,19,20,43,37,2026-10-01,,,
Sikar,45,31,35,85,137,116,120,95,60,53,229,199,165,143,165,NR,55,236,30,25,50,30,2026-10-01,,,
Sirohi,41,28,36,76,109,122,100,76,55,52,207,156,NR,159,NR,NR,49,253,17,21,34,38,2026-10-01,,,
Sri Ganganagar,43,31,35,88,118,110,110,90,59,51,214,189,168,165,165,146,72,313,15,15,47,40,2026-10-01,,,
Tonk,52,32,37,86,126,116,109,93,57,70,230,205,141,162,177,146,67,278,20,24,59,42,2026-10-01,,,
Sawai Madhopur,57,31,35,86,131,117,120,97,57,62,225,181,163,163,159,160,59,311,29,24,56,40,2026-10-01,,,
Patna,48,28,34,87,124,127,103,81,56,61,NR,197,167,192,207,178,57,340,26,28,53,38,2026-10-01,25.6093239,85.1235252,EAST ZONE
Bhagalpur,39,29,35,86,133,111,103,79,59,59,NR,191,149,155,173,131,59,315,28,14,54,44,2026-10-01,25.286698,87.1322536,EAST ZONE
Purnia,40,32,36,84,122,124,102,77,64,59,NR,203,164,184,NR,162,61,324,18,13,44,39,2026-10-01,26.0,87.5,EAST ZONE
Darbhanga,39,28,43,84,104,117,99,84,52,57,NR,201,185,162,NR,135,63,193,28,15,51,38,2026-10-01,26.0831432,86.032571,EAST ZONE
Gaya,34,28,38,83,122,113,109,80,65,60,NR,214,173,145,152,120,55,340,25,20,55,40,2026-10-01,24.7964355,85.0079563,EAST ZONE
Muzzafarpur,39,28,33,89,125,125,110,80,54,57,NR,204,159,164,226,133,60,289,23,16,51,32,2026-10-01,26.1180626,85.3132056,EAST ZONE
Saran,46,NR,38,81,115,107,106,81,56,62,NR,203,201,201,216,NR,54,303,27,16,52,42,2026-10-01,25.9083549,84.7807476,EAST ZONE
Munger,36,27,32,92,130,110,118,79,57,61,NR,187,184,185,183,164,49,257,28,9,40,33,2026-10-01,25.2208117,86.5172037,EAST ZONE
Saharsa,47,28,31,78,116,110,117,74,57,61,NR,194,NR,190,NR,NR,52,280,29,12,51,48,2026-10-01,25.8326416,86.6148928,EAST ZONE
Madhubani,37,32,35,85,125,109,99,83,54,55,210,166,162,159,172,130,56,280,28,21,37,37,2026-10-01,26.350072,86.2291469,EAST ZONE
Rohtas (Sasaram),39,33,39,89,118,122,98,83,55,69,205,219,185,191,249,181,77,258,31,18,47,39,2026-10-01,24.9001003,84.0182111,EAST ZONE
Motihari,48,28,35,85,114,119,108,83,52,57,245,202,183,169,229,158,54,265,19,18,55,44,2026-10-01,26.669512,84.9574106,EAST ZONE
Samastipur,45,25,35,80,113,116,114,80,50,60,NR,191,136,132,NR,133,53,315,30,14,40,33,2026-10-01,25.7744929,85.8662681,EAST ZONE
Katihar,51,30,32,78,113,126,94,NR,52,61,NR,186,146,154,172,NR,75,311,19,15,42,38,2026-10-01,25.5609003,87.6476535,EAST ZONE
Araria,36,30,36,82,129,131,123,84,58,60,280,196,163,141,196,136,63,342,29,13,45,48,2026-10-01,26.2649879,87.3716265,EAST ZONE
Nawada,35,29,37,81,135,130,115,77,NR,NR,NR,242,198,209,NR,165,NR,NR,NR,20,55,45,2026-10-01,24.818124,85.5185562,EAST ZONE
Banka,37,28,37,80,120,114,106,75,53,60,NR,204,165,170,192,127,63,280,13,16,41,42,2026-10-01,,,
Arwal,38,25,35,81,130,130,97,85,NR,NR,NR,225,165,170,190,143,NR,NR,NR,24,54,38,2026-10-01,,,
Aurangabad,34,29,33,81,126,122,90,79,54,56,220,203,188,154,156,119,75,210,24,16,53,45,2026-10-01,,,
Begusarai,36,30,35,77,117,117,107,77,64,59,246,188,158,144,188,123,66,266,27,12,48,38,2026-10-01,,,
Bhojpur Ara,47,30,34,80,120,120,109,78,54,57,245,185,158,154,186,NR,62,353,30,20,52,43,2026-10-01,,,
Buxar,33,29,34,85,119,116,117,89,53,55,202,210,175,170,199,127,76,258,29,16,55,27,2026-10-01,,,
Gopalganj,40,33,35,90,115,115,110,85,NR,NR,NR,NR,NR,NR,NR,NR,NR,NR,NR,NR,NR,NR,2026-10-01,,,
Jamui,36,28,31,74,118,116,108,75,50,60,NR,197,142,174,NR,137,57,284,29,14,44,46,2026-10-01,,,
Jehanabad,31,28,34,87,NR,118,108,75,52,56,NR,207,179,175,NR,NR,58,243,29,16,45,37,2026-10-01,,,
Kaimur,38,26,32,85,117,117,114,79,56,60,NR,199,178,163,197,135,66,212,20,12,52,35,2026-10-01,,,
Kishanganj,41,27,37,92,125,120,110,90,55,70,223,209,187,156,202,143,68,300,26,18,57,50,2026-10-01,,,
Lakhisarai,40,30,40,83,113,120,118,88,55,59,NR,206,167,170,NR,156,52,298,27,18,59,47,2026-10-01,,,
Medhepura,39,27,37,78,116,125,91,75,56,59,NR,196,158,192,193,134,49,282,23,16,45,46,2026-10-01,,,
Nalanda,30,29,33,74,114,116,107,76,59,65,NR,200,177,162,187,NR,71,318,30,18,50,39,2026-10-01,,,
Sheikhpura,35,28,39,89,118,112,111,82,52,56,NR,222,181,204,202,165,55,285,27,18,47,40,2026-10-01,,,
Sheohar,46,26,36,86,125,123,114,89,65,59,170,213,161,170,200,121,61,232,26,20,54,42,2026-10-01,,,
Sitamarhi,38,28,34,83,123,128,103,78,52,62,NR,190,179,168,174,135,63,238,30,15,44,38,2026-10-01,,,
Siwan,38,28,31,83,121,101,90,73,50,57,292,202,183,189,194,189,56,202,27,14,48,27,2026-10-01,,,
Vaishali,40,29,35,79,114,119,100,75,56,53,225,192,170,187,209,159,65,207,29,18,50,40,2026-10-01,,,
West Champaran,37,29,35,84,118,117,109,83,59,56,202,186,175,153,176,NR,69,260,20,22,45,40,2026-10-01,,,
Ranchi,42,37,35,85,127,123,109,79,58,60,255,201,160,190,199,148,73,210,29,19,56,40,2026-10-01,23.3700501,85.3250387,EAST ZONE
Gumla,40,27,36,82,108,106,92,83,48,55,209,195,187,137,154,121,53,200,15,16,48,40,2026-10-01,23.0916741,84.5738481,EAST ZONE
Sahibganj,38,32,36,86,120,125,100,80,55,60,203,209,192,176,192,143,68,302,20,15,60,50,2026-10-01,25.2820998,87.6185078,EAST ZONE
Bokaro,38,35,37,86,132,114,110,83,56,57,NR,193,170,164,182,144,60,322,28,21,48,38,2026-10-01,23.6991279,85.9910689,EAST ZONE
Lohardaga,37,31,36,85,102,125,110,80,57,61,NR,200,165,163,223,126,72,203,26,22,52,38,2026-10-01,23.4692006,84.7356842,EAST ZONE
Simdega,43,32,40,82,124,118,100,82,58,62,191,196,154,167,158,148,55,245,22,18,48,40,2026-10-01,22.6664325,84.5502679,EAST ZONE
Dhanbad,39,34,36,90,130,129,113,80,56,59,264,204,162,165,187,154,69,240,28,19,58,39,2026-10-01,23.7952809,86.4309638,EAST ZONE
Jamshedpur (East Singbhum),46,40,37,96,129,131,120,98,66,58,238,194,170,156,171,121,75,200,30,15,56,43,2026-10-01,22.80278,86.18545,EAST ZONE
Giridhi,34,33,36,81,109,102,105,75,51,56,NR,199,169,166,190,120,50,300,19,22,45,43,2026-10-01,24.1913,86.2996,EAST ZONE
Seraikella,35,31,40,81,122,119,109,75,59,60,195,194,159,164,173,129,57,207,28,15,51,40,2026-10-01,,,
West Singhbhum,37,31,36,82,123,118,110,79,58,60,207,206,195,174,199,140,56,236,28,18,56,31,2026-10-01,,,
Daltonganj,37,29,36,82,107,113,102,81,55,59,NR,198,149,166,NR,137,63,292,25,19,59,50,2026-10-01,,,
Deoghar,40,32,35,80,110,120,110,90,60,60,176,186,176,148,176,132,75,300,25,15,60,NR,2026-10-01,,,
Ramgarh,40,33,37,NR,127,116,102,78,54,58,NR,196,146,159,179,157,61,279,25,13,53,41,2026-10-01,,,
Pakur,38,35,38,89,127,120,95,84,54,63,214,201,176,172,198,154,67,317,20,14,53,50,2026-10-01,,,
Jamtara,44,28,34,92,129,133,121,89,56,59,251,205,172,183,192,170,75,278,31,11,58,57,2026-10-01,,,
Latehar,45,29,38,85,129,126,110,81,53,60,175,198,159,162,NR,137,51,192,30,19,55,40,2026-10-01,,,
Godda,40,30,39,82,120,120,103,82,58,64,198,203,165,165,187,132,55,285,29,15,58,40,2026-10-01,,,
Koderma,43,34,35,90,128,131,110,80,57,63,209,209,165,174,203,139,63,198,30,20,60,49,2026-10-01,,,
Bhubaneshwar,42,36,46,90,130,125,105,79,56,58,NR,209,165,NR,187,163,70,230,30,15,55,40,2026-10-01,20.2602964,85.8394521,EAST ZONE
Cuttack,41,37,45,91,126,121,111,81,55,58,NR,210,159,NR,188,166,65,257,30,15,56,42,2026-10-01,20.4686,85.8792,EAST ZONE
Sambalpur,40,36,45,90,130,122,102,78,55,58,NR,209,159,NR,189,165,60,240,30,15,55,36,2026-10-01,21.4706422,83.9836858,EAST ZONE
Rourkela,36,36,38,89,127,119,101,77,55,58,NR,210,163,179,192,166,68,190,29,17,56,47,2026-10-01,22.2539994,84.857752,EAST ZONE
Berhampur,44,35,37,86,124,130,108,73,54,58,NR,208,168,NR,198,133,63,245,21,16,57,37,2026-10-01,21.4930851,86.6327298,EAST ZONE
Jeypore,45,38,36,84,120,122,105,84,55,58,178,213,156,164,192,166,60,240,29,16,55,50,2026-10-01,18.8989174,82.5590761,EAST ZONE
Balasore,38,40,45,89,124,117,97,75,59,58,NR,209,168,NR,198,168,74,240,28,14,56,38,2026-10-01,21.5017098,86.9216712,EAST ZONE
Baripada,40,37,45,86,122,118,99,75,57,58,NR,203,159,NR,190,166,65,239,29,13,56,35,2026-10-01,21.9297099,86.7316561,EAST ZONE
Balangir,32,38,42,92,132,124,103,81,52,58,NR,211,173,NR,192,177,70,NR,30,17,53,45,2026-10-01,20.7497833,83.4409722,EAST ZONE
Angul,37,NR,46,88,133,113,118,90,56,63,NR,209,176,NR,198,NR,67,NR,30,14,52,28,2026-10-01,,,
Boudhgarh,32,40,44,78,120,104,95,85,53,54,NR,192,132,NR,176,135,50,NR,27,15,62,40,2026-10-01,,,
Dhenkanal,36,35,40,90,127,120,100,75,55,58,NR,209,165,NR,192,165,63,280,29,15,54,40,2026-10-01,,,
Jagatsinghpur,40,40,42,88,125,120,108,85,58,58,NR,203,187,NR,190,170,65,240,30,15,58,45,2026-10-01,,,
Kandhamal,37,43,49,81,131,124,116,79,58,55,159,204,175,NR,190,141,59,NR,30,19,56,41,2026-10-01,,,
Keonjhar,40,40,54,89,129,124,110,77,57,58,NR,203,137,NR,198,174,65,NR,30,14,56,49,2026-10-01,,,
Malkangiri,43,35,40,86,113,117,108,79,55,55,NR,198,157,160,179,140,58,376,22,30,40,33,2026-10-01,,,
Nabarangpur,50,40,52,89,120,127,97,78,55,60,NR,216,189,167,203,174,70,NR,28,19,58,30,2026-10-01,,,
Nayagarh,40,NR,43,87,118,123,110,88,57,54,NR,207,179,NR,198,177,70,NR,28,16,57,40,2026-10-01,,,
Nuapada,45,35,50,90,120,110,110,80,57,54,NR,209,165,NR,187,143,55,240,30,20,60,36,2026-10-01,,,
Puri,41,NR,43,87,126,122,106,87,55,60,NR,207,166,NR,194,160,63,265,27,15,53,43,2026-10-01,,,
Rayagada,47,40,49,89,120,130,111,80,56,60,209,214,165,NR,200,165,67,NR,31,19,60,48,2026-10-01,,,
Sonepur,36,NR,45,90,125,120,110,80,52,57,NR,220,154,NR,209,186,70,NR,10,16,55,35,2026-10-01,,,
Bhadrak,36,NR,43,88,127,125,120,81,56,65,NR,216,183,NR,197,165,68,330,28,14,54,55,2026-10-01,,,
Jharsuguda,40,47,42,90,125,120,100,80,55,NR,NR,214,141,168,202,132,75,NR,31,20,50,NR,2026-10-01,,,
Kendrapara,40,38,46,84,120,112,110,85,56,58,NR,205,160,NR,195,171,61,290,30,13,57,40,2026-10-01,,,
Jajpur,39,NR,49,85,125,115,106,79,56,58,NR,203,185,NR,197,165,65,NR,30,12,55,40,2026-10-01,,,
Kalahandi,43,37,49,85,120,118,110,86,55,54,NR,217,163,NR,201,170,75,430,31,19,58,30,2026-10-01,,,
Kolkata,59,NR,39,92,135,133,120,118,56,59,NR,208,197,157,193,168,87,287,30,14,62,60,2026-10-01,22.5414185,88.3576912,EAST ZONE
Siliguri,55,33,45,93,133,138,120,110,55,60,NR,213,162,162,205,NR,76,235,25,18,55,53,2026-10-01,26.7164127,88.4309916,EAST ZONE
Purulia,39,NR,35,88,122,128,105,103,55,63,NR,207,155,145,196,NR,73,293,27,11,57,43,2026-10-01,23.032189,89.5911025,EAST ZONE
Kharagpur,54,33,37,88,128,125,112,107,60,64,200,209,NR,146,192,123,75,278,31,14,59,47,2026-10-01,25.1331731,86.5250404,EAST ZONE
Rampurhat,49,NR,47,86,124,125,118,113,54,59,NR,207,NR,150,190,NR,67,300,25,12,50,45,2026-10-01,24.1763069,87.7859569,EAST ZONE
Malda,58,34,47,88,134,132,115,130,55,60,268,214,NR,192,202,148,77,325,25,12,44,30,2026-10-01,25.0057449,88.1398483,EAST ZONE
Raiganj,56,29,50,92,140,140,118,122,54,61,NR,209,156,176,216,128,73,300,15,10,58,52,2026-10-01,25.6806539,88.1246458,EAST ZONE
Alipurduar,34,NR,40,90,130,121,111,130,57,65,NR,208,NR,188,208,154,70,248,10,10,56,35,2026-10-01,,,
Asansol,52,NR,38,88,123,122,120,93,55,68,NR,209,152,167,196,123,75,297,30,13,57,47,2026-10-01,,,
Balurghat,55,32,35,84,128,127,113,108,60,70,NR,200,NR,178,209,157,51,370,30,11,57,60,2026-10-01,,,
Bankura,38,NR,38,92,124,129,116,108,56,63,NR,204,NR,155,192,124,64,301,29,12,57,49,2026-10-01,,,
Bardhaman,49,NR,39,97,132,128,119,109,54,60,238,203,159,143,207,142,77,318,30,12,56,46,2026-10-01,,,
Baruipur,64,NR,NR,93,NR,118,135,118,57,59,NR,220,196,185,198,NR,66,600,29,18,58,51,2026-10-01,,,
Berhampore,50,30,44,88,129,119,118,91,57,63,NR,198,163,170,212,173,64,323,24,13,52,58,2026-10-01,,,
Chinsurah,53,NR,39,93,125,129,119,115,58,60,NR,208,NR,153,187,NR,64,305,30,12,50,51,2026-10-01,,,
Cooch behar,54,NR,41,92,118,122,115,128,57,55,NR,203,158,174,185,181,72,293,30,11,55,49,2026-10-01,,,
Howrah,56,NR,37,93,125,121,119,114,60,62,NR,204,192,173,197,NR,67,273,31,15,60,48,2026-10-01,,,
Jalapiguri,39,NR,47,88,132,128,110,103,56,81,NR,209,143,163,203,148,72,300,30,14,52,44,2026-10-01,,,
Jhargram,42,NR,38,90,125,125,115,111,56,61,NR,208,157,152,192,NR,67,291,28,14,55,41,2026-10-01,,,
Kalimpong,59,33,46,95,130,140,120,103,63,83,154,209,137,132,204,154,90,300,20,24,54,41,2026-10-01,,,
Krishnagar,51,NR,39,89,129,116,127,99,56,54,NR,204,NR,148,186,NR,66,387,29,13,58,51,2026-10-01,,,
Tamluk,41,NR,39,97,128,125,120,125,59,59,NR,203,NR,159,191,NR,63,307,30,13,53,50,2026-10-01,,,
Port Blair,52,NR,60,102,135,142,120,98,68,72,NR,227,209,NR,191,176,83,330,24,45,80,80,2026-10-01,11.6645348,92.7390448,NORTH-EAST ZONE
Mayabunder,55,NR,69,102,140,153,125,100,78,76,289,218,227,NR,194,187,87,365,22,50,100,100,2026-10-01,12.7701746,92.8313119,NORTH-EAST ZONE
Car Nicobar,53,NR,75,105,154,145,130,104,76,77,NR,302,231,NR,271,236,85,275,25,60,100,80,2026-10-01,,,
Itanagar,39,40,41,92,142,132,118,90,50,74,NR,219,165,165,215,NR,77,400,17,25,57,62,2026-10-01,27.0979659,93.6237291,NORTH-EAST ZONE
Pasighat,53,NR,50,93,113,97,93,113,73,80,176,241,172,180,187,NR,90,400,20,20,70,90,2026-10-01,,,
Tawang,45,45,45,100,NR,140,137,98,58,73,NR,236,182,NR,165,NR,100,343,20,40,60,65,2026-10-01,,,
Tezu,38,NR,40,90,137,140,117,90,60,70,NR,154,NR,154,NR,NR,100,250,15,20,60,80,2026-10-01,,,
Guwahati,35,33,37,85,111,95,99,81,54,71,216,220,188,176,203,166,60,220,13,17,60,58,2026-10-01,26.1805978,91.753943,NORTH-EAST ZONE
Barpeta,34,39,36,80,112,96,100,82,53,74,197,222,139,159,195,164,62,153,10,16,56,48,2026-10-01,26.3414221,91.0167433,NORTH-EAST ZONE
Tinsukia,32,34,39,92,135,105,107,85,56,77,NR,229,203,209,203,NR,75,190,12,13,55,45,2026-10-01,27.5201658,95.5306347,NORTH-EAST ZONE
Dhubri,35,NR,36,85,135,NR,110,83,55,77,NR,231,163,154,176,126,74,180,12,15,55,40,2026-10-01,,,
Goalpara,35,32,36,85,130,130,108,95,55,63,NR,214,161,165,181,NR,65,212,10,13,53,59,2026-10-01,,,
Golaghat,47,34,42,90,120,90,110,105,60,67,159,209,161,159,174,157,78,240,14,16,55,45,2026-10-01,,,
Mangaldai,45,33,35,91,117,95,109,84,53,70,NR,200,142,NR,NR,160,65,260,11,15,55,43,2026-10-01,,,
Mushalpur,37,40,38,86,119,110,113,89,54,75,NR,231,149,201,201,143,65,268,10,14,59,49,2026-10-01,,,
Udalguri,44,NR,35,82,122,96,110,92,54,76,NR,226,NR,176,205,157,57,272,12,14,56,54,2026-10-01,,,
Bajali,34,33,40,87,118,103,113,93,56,78,164,223,NR,159,205,137,68,363,10,17,59,43,2026-10-01,,,
Hojai,32,NR,40,80,117,99,95,80,58,62,NR,203,152,153,184,162,70,260,12,15,50,47,2026-10-01,,,
Jorhat,40,36,40,91,120,115,104,100,56,78,181,220,160,159,160,132,60,208,12,18,55,50,2026-10-01,,,
Bongaigaon,43,NR,35,83,118,97,110,90,52,70,NR,184,152,150,165,NR,60,322,10,13,50,44,2026-10-01,,,
Morigaon,40,40,40,83,129,120,110,100,57,65,195,198,159,154,159,137,70,233,10,15,56,55,2026-10-01,,,
Tamulpur,36,40,40,87,128,112,111,89,52,77,NR,200,152,174,NR,160,70,270,10,15,60,50,2026-10-01,,,
Sivasagar,43,40,50,88,118,117,110,108,58,75,NR,236,203,176,195,165,58,260,10,18,56,46,2026-10-01,,,
Dibrugarh,35,NR,39,93,134,132,109,99,56,77,NR,219,168,190,227,NR,63,203,13,16,58,48,2026-10-01,,,
Karimganj,37,NR,39,87,114,123,102,79,56,75,NR,228,NR,183,222,NR,78,238,14,22,58,50,2026-10-01,,,
Majuli,35,38,42,100,120,90,118,100,60,70,NR,188,NR,159,NR,NR,60,260,15,20,56,48,2026-10-01,,,
Haflong,36,NR,45,90,130,NR,120,90,60,77,NR,185,NR,120,200,NR,80,270,15,20,60,50,2026-10-01,,,
AS-Lakhimpur,39,NR,38,84,113,102,110,92,54,73,NR,206,161,164,178,NR,61,193,15,12,53,48,2026-10-01,,,
Diphu,35,NR,37,90,115,117,111,90,55,75,NR,219,NR,170,NR,128,97,233,15,16,60,42,2026-10-01,,,
Nalbari,35,NR,40,85,125,98,110,85,59,70,NR,214,145,165,187,126,74,292,10,15,55,48,2026-10-01,,,
South Salmara Mankachar,40,39,38,81,124,NR,116,86,55,75,NR,219,167,160,159,134,63,233,12,24,47,51,2026-10-01,,,
Kamrup,39,NR,39,86,119,105,106,85,56,75,NR,227,NR,188,203,169,75,219,15,14,58,60,2026-10-01,,,
Imphal,56,52,51,102,135,132,121,99,75,NR,NR,266,211,225,211,220,100,260,25,29,71,78,2026-10-01,24.7991162,93.9364419,NORTH-EAST ZONE
Kangpokpi,53,NR,50,NR,140,NR,133,90,60,77,NR,176,NR,180,NR,143,NR,280,15,30,70,95,2026-10-01,,,
Senapati,50,NR,45,NR,140,NR,130,100,68,74,176,154,NR,181,214,NR,NR,NR,20,20,70,80,2026-10-01,,,
Thoubal,55,45,45,93,137,127,127,100,65,60,253,249,216,200,224,211,85,NR,20,30,60,62,2026-10-01,,,
Ukhrul,40,NR,50,90,140,140,140,100,60,75,NR,154,220,154,209,NR,90,230,15,30,70,80,2026-10-01,,,
Kakching,50,NR,45,NR,110,NR,130,125,NR,NR,NR,NR,NR,NR,NR,NR,NR,NR,NR,NR,NR,NR,2026-10-01,,,
Shillong,36,40,39,95,130,137,120,90,59,77,NR,205,198,154,NR,NR,80,320,32,20,68,57,2026-10-01,25.5760446,91.8825282,NORTH-EAST ZONE
Tura,35,NR,40,100,140,NR,120,90,63,77,NR,198,NR,173,203,132,80,320,20,28,68,60,2026-10-01,47.3900474,0.6889268,NORTH-EAST ZONE
Jowai,37,40,40,90,NR,NR,120,87,56,77,NR,170,NR,154,NR,NR,80,360,15,20,65,50,2026-10-01,25.441116,92.1955478,NORTH-EAST ZONE
Sohra,40,42,40,NR,NR,NR,130,90,60,77,NR,165,NR,154,NR,NR,NR,385,30,25,68,50,2026-10-01,25.2837969,91.7193603,NORTH-EAST ZONE
Mairang,39,45,45,NR,NR,NR,120,90,60,77,NR,176,NR,156,NR,NR,NR,370,17,20,65,50,2026-10-01,25.6734009,91.6414272,NORTH-EAST ZONE
Nongpoh,35,NR,41,95,135,NR,125,88,60,77,NR,176,NR,156,NR,NR,70,353,15,20,68,50,2026-10-01,,,
Khliehriat,42,39,39,90,127,NR,112,82,56,76,NR,161,NR,154,NR,NR,NR,313,30,22,62,42,2026-10-01,,,
Williamnagar,35,40,35,108,148,NR,118,89,60,70,NR,192,NR,174,NR,140,78,318,15,27,58,60,2026-10-01,,,
Nongstoin,35,44,44,NR,NR,NR,120,90,58,76,NR,170,NR,170,NR,NR,NR,357,15,20,65,50,2026-10-01,,,
Mawkyrwat,35,40,39,NR,NR,NR,120,85,60,75,NR,165,NR,NR,NR,NR,NR,370,15,20,60,45,2026-10-01,,,
Aizawl,50,42,50,103,153,130,133,93,55,83,271,260,256,161,244,152,103,520,30,50,63,83,2026-10-01,23.7435236,92.7382905,NORTH-EAST ZONE
Lunglei,50,40,50,120,NR,NR,150,110,60,80,214,263,170,187,203,NR,100,486,30,50,60,100,2026-10-01,,,
Kolasib,53,40,45,95,120,140,140,93,60,80,NR,242,NR,143,203,132,100,483,30,30,40,90,2026-10-01,,,
Mamit,45,NR,50,128,NR,NR,128,98,53,80,NR,253,NR,132,121,NR,140,433,30,28,53,100,2026-10-01,,,
Champhai,50,50,55,103,130,143,140,108,62,85,NR,257,225,147,NR,NR,120,560,32,35,87,87,2026-10-01,,,
Siaha,55,NR,50,103,157,138,148,103,70,80,170,260,219,154,NR,110,100,250,30,40,70,120,2026-10-01,,,
Lawngtlai,50,45,50,100,160,140,140,100,70,80,NR,253,NR,143,NR,132,110,480,30,40,70,120,2026-10-01,,,
Hnahthial,53,45,50,NR,147,150,133,103,60,84,NR,257,NR,154,NR,NR,125,520,30,33,80,100,2026-10-01,,,
Khawzawl,50,38,48,98,133,123,100,97,72,81,NR,198,145,147,NR,132,143,390,31,33,68,93,2026-10-01,,,
Saitual,50,45,50,107,NR,140,NR,108,55,80,NR,198,NR,152,NR,NR,120,523,30,25,70,80,2026-10-01,,,
Kohima,50,45,49,105,157,130,120,90,60,77,NR,154,176,154,NR,NR,NR,340,20,30,75,60,2026-10-01,25.75,94.166667,NORTH-EAST ZONE
Tuensang,37,40,55,100,NR,NR,120,100,65,NR,NR,176,NR,200,NR,NR,NR,NR,20,30,65,50,2026-10-01,26.1685055,94.8581982,NORTH-EAST ZONE
Mokochung,50,NR,60,110,140,140,120,100,65,74,NR,154,176,165,NR,NR,80,340,15,25,70,50,2026-10-01,,,
Chumukedima,40,NR,36,92,140,145,138,93,53,75,NR,253,211,198,209,NR,83,322,18,25,62,52,2026-10-01,,,
Mon,40,NR,60,100,NR,NR,125,100,68,70,NR,154,NR,165,NR,NR,80,340,17,20,60,70,2026-10-01,,,
Peren,39,45,45,95,NR,NR,120,100,65,70,NR,154,NR,165,NR,NR,120,320,20,20,60,50,2026-10-01,,,
Phek,40,50,50,100,150,140,130,100,70,72,NR,165,NR,165,NR,NR,80,350,20,NR,70,60,2026-10-01,,,
Tseminyu,55,NR,57,NR,NR,NR,137,99,67,70,NR,154,NR,154,NR,NR,NR,380,15,30,67,55,2026-10-01,,,
Wokha,52,NR,68,97,NR,NR,120,97,70,74,NR,158,NR,158,NR,NR,NR,300,15,30,60,50,2026-10-01,,,
Zunheboto,55,NR,50,NR,163,NR,110,90,70,75,NR,172,NR,NR,NR,NR,60,240,18,30,60,63,2026-10-01,,,
Kiphire,38,NR,60,110,155,140,120,90,60,70,NR,154,NR,165,NR,NR,75,345,18,20,60,80,2026-10-01,,,
Longleng,38,40,50,NR,150,NR,120,100,60,75,NR,163,NR,165,NR,NR,80,350,20,30,70,60,2026-10-01,,,
Niuland,40,NR,50,NR,130,125,120,95,50,70,NR,154,NR,165,NR,NR,NR,320,15,20,60,50,2026-10-01,,,
Shamator,44,55,60,100,NR,NR,130,100,70,78,NR,165,NR,176,NR,NR,80,320,20,30,60,60,2026-10-01,,,
Noklak,40,45,60,110,NR,NR,140,100,70,80,NR,165,NR,165,NR,NR,80,NR,20,25,60,60,2026-10-01,,,
Gangtok,45,40,40,93,NR,NR,123,93,65,72,NR,231,143,139,209,NR,75,300,20,25,67,45,2026-10-01,27.329046,88.6122673,NORTH-EAST ZONE
Gyalshing,45,38,40,100,NR,NR,120,90,65,70,NR,231,143,187,209,NR,70,300,20,20,60,50,2026-10-01,,,
Namchi,45,40,42,100,NR,NR,120,100,65,70,NR,231,154,143,203,NR,NR,360,20,25,65,50,2026-10-01,,,
Soreng,45,40,40,100,NR,NR,120,100,65,70,NR,230,154,165,NR,NR,75,230,20,25,65,50,2026-10-01,,,
Mangan,45,38,40,100,NR,NR,130,90,65,70,NR,231,154,170,NR,NR,75,460,20,25,65,50,2026-10-01,,,
Pakyong,45,40,40,110,NR,NR,130,95,65,70,NR,231,148,165,209,NR,NR,300,24,20,65,50,2026-10-01,,,
Agartala,48,NR,40,90,135,130,105,129,59,79,NR,218,181,192,206,176,75,250,10,25,65,60,2026-10-01,23.8312377,91.2823821,NORTH-EAST ZONE
Dharmanagar,45,NR,42,95,132,128,104,132,59,76,NR,215,NR,192,NR,181,77,243,15,19,60,50,2026-10-01,,,
Belonia,50,NR,41,93,137,133,107,132,60,80,NR,220,178,192,208,178,78,247,13,20,62,62,2026-10-01,,,
TR-Udaipur,50,NR,42,91,136,131,106,130,60,80,NR,219,182,193,208,177,75,246,10,26,67,61,2026-10-01,,,
Ambassa,49,NR,41,93,137,132,108,132,65,80,NR,223,184,195,208,179,78,245,10,23,67,62,2026-10-01,,,
Vijaywada,53,43,45,87,139,135,107,85,56,54,203,156,147,NR,200,148,55,297,15,31,62,33,2026-10-01,16.511298,80.6346206,SOUTH ZONE
Visakhapatnam,57,43,41,97,125,129,113,89,57,60,198,198,154,NR,190,159,66,260,18,15,56,46,2026-10-01,17.7231276,83.3012842,SOUTH ZONE
Kurnool,64,41,43,83,123,119,111,91,53,60,192,210,144,130,189,161,63,332,17,28,43,23,2026-10-01,15.8309251,78.0425373,SOUTH ZONE
Tirupathi,58,44,45,83,108,105,109,90,54,58,172,183,134,168,195,135,61,308,20,32,52,23,2026-10-01,13.6269139,79.3866426,SOUTH ZONE
Ongole,60,43,45,85,121,116,109,90,55,58,185,187,143,NR,185,150,65,300,16,30,55,30,2026-10-01,,,
Bapatla,52,43,43,83,114,120,106,85,55,58,189,NR,NR,NR,187,141,54,287,15,31,45,27,2026-10-01,,,
Rajahmundry,55,44,46,84,121,113,109,87,53,60,194,218,134,NR,188,145,57,205,15,20,45,30,2026-10-01,,,
Eluru,61,43,45,84,122,111,105,87,56,62,199,219,140,166,199,166,71,285,21,30,57,32,2026-10-01,,,
Guntur,65,44,45,100,130,130,120,90,58,60,198,220,159,NR,192,159,68,215,14,24,57,32,2026-10-01,,,
Amalapuram,52,45,45,91,122,136,115,87,58,65,214,218,145,158,197,159,57,295,24,23,46,24,2026-10-01,,,
Nandyala,61,44,39,89,126,118,112,88,52,61,197,219,148,154,190,155,61,277,15,31,41,23,2026-10-01,,,
Parvathipuram,62,44,46,86,122,121,113,91,54,60,191,196,149,NR,194,144,59,284,23,18,54,45,2026-10-01,,,
Sri Sathya Sai,59,40,40,81,116,112,99,86,56,60,200,202,142,159,191,147,58,315,15,31,32,21,2026-10-01,,,
Nellore,53,40,43,83,115,115,102,97,50,58,192,203,161,NR,192,159,60,260,19,35,59,30,2026-10-01,,,
Srikakulam,64,39,47,98,127,125,107,84,53,56,201,214,158,162,179,158,NR,331,11,20,58,NR,2026-10-01,,,
Vizianagaram,60,40,43,82,120,117,108,88,56,60,187,191,145,NR,187,141,55,275,19,23,50,28,2026-10-01,,,
Anakapalli,65,40,45,93,125,130,110,85,56,70,203,229,148,NR,203,154,60,247,20,30,63,33,2026-10-01,,,
Bhimavaram,52,40,41,83,120,111,105,86,55,60,192,206,148,154,192,154,62,285,19,25,48,29,2026-10-01,,,
Chittoor,50,45,47,85,105,110,110,95,45,55,181,198,154,NR,170,132,60,345,15,42,47,22,2026-10-01,,,
Kakinada,54,42,42,86,119,113,109,88,56,61,195,213,148,NR,194,144,60,299,19,25,48,19,2026-10-01,,,
Machilipatnam,52,43,46,88,126,108,107,88,56,63,169,176,133,168,175,115,60,338,15,25,50,32,2026-10-01,,,
Narasaraopeta,54,43,44,85,108,109,110,87,53,64,170,191,168,170,179,122,53,266,18,28,53,30,2026-10-01,,,
Paderu,63,42,45,85,120,128,105,85,55,60,198,198,143,NR,194,143,60,300,19,30,59,30,2026-10-01,,,
Anantapuramu,60,40,38,81,116,121,99,82,52,60,203,209,150,165,198,155,57,310,16,30,52,15,2026-10-01,,,
YSR Kadapa,57,43,42,86,110,112,107,87,51,61,186,201,152,171,183,147,59,305,19,30,58,30,2026-10-01,,,
Madanapalle,61,40,44,92,119,128,106,92,51,71,169,202,167,172,198,148,70,250,22,35,52,29,2026-10-01,,,
Markapuram,51,40,41,81,120,117,105,90,50,67,200,182,144,NR,194,148,54,327,19,28,49,28,2026-10-01,,,
Bengaluru,64,40,44,93,118,123,112,87,52,51,198,218,161,163,198,168,70,240,19,25,56,38,2026-10-01,12.9767936,77.590082,SOUTH ZONE
Dharwad,62,44,45,85,124,126,112,88,54,54,202,200,152,154,193,163,60,268,20,28,50,28,2026-10-01,15.4540505,75.0066516,SOUTH ZONE
Mangalore,60,43,46,86,123,127,109,88,56,54,209,210,162,171,192,154,67,199,20,30,56,26,2026-10-01,12.8698101,74.8430082,SOUTH ZONE
Mysore,62,43,49,86,123,122,109,86,53,48,209,230,153,168,197,163,72,278,20,30,53,33,2026-10-01,12.3051828,76.6553609,SOUTH ZONE
Bengaluru (East Range),67,46,43,91,128,126,115,90,53,50,211,219,164,167,202,170,60,260,20,29,58,30,2026-10-01,52.4945412,-0.6829023,SOUTH ZONE
Belagavi,67,43,44,91,129,123,110,88,52,54,204,199,149,171,196,153,58,261,20,26,47,22,2026-10-01,15.8572666,74.5069343,SOUTH ZONE
Kalaburagi,65,45,44,88,129,125,112,92,54,53,202,201,163,145,196,157,55,220,20,30,50,25,2026-10-01,17.166667,77.083333,SOUTH ZONE
Tumakuru,68,44,46,96,126,131,115,93,55,53,204,217,153,161,192,154,69,235,20,29,57,27,2026-10-01,13.3400771,77.1006208,SOUTH ZONE
Bellary,61,45,42,87,121,130,108,88,51,54,219,209,166,150,184,169,60,275,20,27,53,24,2026-10-01,15.1433952,76.9193876,SOUTH ZONE
Dhavanagere,70,44,48,90,125,125,111,87,53,53,213,212,162,154,189,165,58,268,20,30,55,25,2026-10-01,14.4644,75.9218,SOUTH ZONE
Shivamogga,67,44,47,90,123,126,115,90,53,52,202,211,159,152,194,156,62,245,20,26,50,20,2026-10-01,13.9326093,75.574978,SOUTH ZONE
Vijayapur,61,46,43,90,125,126,116,84,51,53,220,214,156,172,190,149,60,245,20,24,52,22,2026-10-01,16.8054103,75.7179353,SOUTH ZONE
Ramanagara,60,45,45,88,121,124,108,92,55,53,211,216,152,142,193,159,69,215,20,28,50,NR,2026-10-01,,,
Raichur,64,45,44,88,124,125,115,85,55,53,205,205,160,167,196,147,60,212,20,26,53,23,2026-10-01,,,
Chamarajanagar,60,43,46,86,125,127,105,95,52,48,214,230,154,122,203,145,71,198,18,29,49,34,2026-10-01,,,
Kolar,65,49,50,95,125,133,120,95,51,52,220,213,164,169,187,160,60,256,20,25,55,34,2026-10-01,,,
Haveri,68,45,45,85,125,130,105,90,50,58,198,192,165,170,198,159,51,247,19,30,50,25,2026-10-01,,,
Bagalkot,61,44,45,85,120,125,115,92,56,52,206,200,151,165,191,153,60,245,20,27,46,24,2026-10-01,,,
Bidar,66,41,41,83,129,128,113,83,52,55,191,193,142,164,170,147,57,277,19,23,48,28,2026-10-01,,,
Koppal,64,44,45,85,124,127,115,90,53,53,204,199,153,159,192,161,55,244,20,28,52,25,2026-10-01,,,
Mandya,70,44,47,86,122,130,115,94,52,52,218,225,155,170,186,156,61,241,20,29,60,40,2026-10-01,,,
Yadgir,60,44,46,85,122,125,111,88,53,55,203,203,159,165,192,159,60,210,20,29,50,25,2026-10-01,,,
Chikkamagalur,63,44,47,89,123,127,112,89,54,53,206,201,157,160,192,147,64,222,20,27,47,24,2026-10-01,,,
Bangalore Rural,65,43,49,90,122,132,108,87,53,50,214,199,150,152,189,147,64,265,20,30,53,34,2026-10-01,,,
Chikkaballapur,64,46,46,92,122,127,108,86,55,52,223,216,160,167,196,161,69,275,20,29,53,30,2026-10-01,,,
Chitradurga,67,46,46,87,127,124,112,87,55,54,200,207,150,148,187,157,67,275,20,30,48,24,2026-10-01,,,
Gadag,66,45,48,88,122,133,116,88,55,54,213,201,152,142,188,151,57,248,21,29,55,29,2026-10-01,,,
Hassan,63,45,48,83,121,127,109,87,52,54,222,NR,NR,159,195,166,66,245,21,30,59,21,2026-10-01,,,
Kodagu,64,44,45,87,122,127,113,89,56,52,210,209,155,159,188,155,63,247,20,27,53,25,2026-10-01,,,
Udupi,59,46,49,90,120,124,110,94,56,48,224,210,165,173,191,160,64,224,19,28,56,30,2026-10-01,,,
Uttara Kannada,66,46,42,92,119,133,116,95,55,48,223,202,162,170,192,156,61,273,20,29,57,25,2026-10-01,,,
Vijayanagara,66,43,44,89,128,131,118,91,52,52,205,211,154,NR,187,147,54,237,19,25,50,25,2026-10-01,,,
T.Puram,61,41,44,95,147,142,125,90,55,56,308,264,198,NR,209,170,84,260,14,NR,66,46,2026-10-01,13.0064917,76.1005354,SOUTH ZONE
Ernakulam,53,41,44,113,152,143,135,97,56,60,247,245,197,NR,205,167,75,225,15,40,60,48,2026-10-01,9.98408,76.2741457,SOUTH ZONE
Kozhikode,48,50,45,100,147,145,130,97,54,56,NR,235,165,NR,206,175,67,237,15,29,60,55,2026-10-01,11.2450558,75.7754716,SOUTH ZONE
Thrissur,53,45,53,99,146,136,143,91,54,58,NR,263,203,NR,213,181,70,273,17,46,63,47,2026-10-01,10.5256264,76.2132542,SOUTH ZONE
Palakkad,49,49,45,97,143,135,120,88,52,54,245,221,198,NR,186,162,58,223,13,35,58,50,2026-10-01,10.7878985,76.4740871,SOUTH ZONE
Wayanad,50,51,45,118,141,151,140,110,53,58,251,246,191,NR,209,183,60,240,17,37,59,40,2026-10-01,11.715219,76.1269029,SOUTH ZONE
Kasargod,53,55,60,115,143,143,135,113,53,66,NR,NR,218,NR,199,163,60,275,15,26,56,29,2026-10-01,12.4914722,74.9877613,SOUTH ZONE
Kottayam,57,44,51,100,146,120,103,99,56,58,NR,223,201,NR,205,170,73,230,16,39,57,37,2026-10-01,9.6287383,76.6455326,SOUTH ZONE
Pathanamthitta,62,44,46,103,135,120,129,96,55,57,NR,286,253,NR,214,212,85,260,15,37,66,46,2026-10-01,9.2780841,76.9737443,SOUTH ZONE
Alapuzha,53,50,70,114,151,144,145,118,55,52,NR,NR,196,NR,190,170,73,223,16,NR,59,36,2026-10-01,,,
Kollam,52,46,44,98,127,138,130,90,59,56,NR,265,227,NR,204,215,77,237,15,38,63,45,2026-10-01,,,
Idukki,60,45,46,102,140,NR,120,90,54,70,NR,242,210,NR,214,174,81,220,13,43,62,50,2026-10-01,,,
Kannur,54,53,51,110,155,152,145,105,54,60,NR,NR,224,NR,203,196,59,268,19,30,61,42,2026-10-01,,,
Malapuram,50,50,43,92,NR,133,120,103,52,58,297,231,197,NR,208,170,60,220,13,32,63,42,2026-10-01,,,
Puducherry,48,46,50,92,139,133,108,86,59,52,209,NR,162,NR,187,164,65,423,27,35,51,26,2026-10-01,11.9340568,79.8306447,SOUTH ZONE
Chennai,65,44,44,94,137,129,108,85,54,40,210,247,174,NR,191,157,82,288,30,40,60,50,2026-10-01,13.0836939,80.270186,SOUTH ZONE
Madurai,63,47,68,97,141,139,113,92,55,45,271,206,194,NR,191,159,75,263,30,35,57,41,2026-10-01,,,
Dindigul,71,51,67,92,147,129,109,81,55,44,260,249,178,NR,194,167,69,276,29,42,57,47,2026-10-01,10.3303299,78.0673979,SOUTH ZONE
Thiruchirapalli,67,49,60,98,144,144,122,96,56,47,234,256,188,NR,195,167,76,309,31,37,60,43,2026-10-01,10.7905,78.7047,SOUTH ZONE
Coimbatore,60,45,43,95,138,131,111,82,51,40,230,220,176,NR,196,166,71,280,28,36,55,45,2026-10-01,11.0018115,76.9628425,SOUTH ZONE
Tirunelveli,52,51,53,98,132,139,119,87,53,45,250,223,184,NR,190,151,69,263,27,30,62,35,2026-10-01,8.72953,77.6852,SOUTH ZONE
Cuddalore,64,49,45,90,131,140,121,112,52,50,207,232,199,NR,197,157,76,293,28,42,57,46,2026-10-01,11.7564329,79.7634644,SOUTH ZONE
Dharmapuri,63,47,44,93,142,135,110,81,51,48,223,NR,151,NR,192,163,64,275,28,30,55,41,2026-10-01,12.0968048,78.193043,SOUTH ZONE
Ramanathapuram,66,41,67,94,136,136,115,90,54,44,224,NR,188,NR,201,180,66,284,31,41,56,51,2026-10-01,9.3895523,78.8590707,SOUTH ZONE
Erode,63,53,45,99,141,136,115,79,52,45,232,243,170,NR,192,170,67,440,30,35,55,41,2026-10-01,,,
Karur,57,56,67,104,147,146,121,87,54,47,236,210,175,NR,196,159,73,297,17,37,56,42,2026-10-01,,,
Pudukkottai,70,45,69,100,141,139,119,NR,57,45,268,NR,182,NR,202,157,72,698,30,40,50,45,2026-10-01,,,
Sivagangai,55,47,69,102,144,140,121,92,55,44,259,NR,223,NR,200,166,66,292,29,43,60,50,2026-10-01,,,
Thanjavur,59,48,50,99,142,142,113,90,53,44,225,242,184,NR,202,163,62,300,29,32,55,47,2026-10-01,,,
The nilgiris,60,48,52,100,140,147,130,93,55,54,242,238,168,NR,200,157,75,203,31,50,60,22,2026-10-01,,,
Thoothukudi,55,45,65,95,135,138,110,85,53,46,231,225,181,NR,192,159,64,320,10,30,65,38,2026-10-01,,,
Viluppuram,59,49,47,101,149,123,109,89,52,48,203,217,170,NR,187,169,65,NR,29,38,48,37,2026-10-01,,,
Virudhunagar,68,45,64,87,133,132,113,77,58,45,263,230,189,NR,201,165,74,293,28,42,57,37,2026-10-01,,,
Kanniyakumari,62,41,53,86,133,123,107,76,53,41,242,231,187,NR,202,159,66,259,25,30,60,35,2026-10-01,,,
Namakkal,65,47,63,96,141,142,115,90,55,44,216,227,168,NR,196,163,65,NR,26,35,60,49,2026-10-01,,,
Tiruvannamalai,64,46,48,87,143,143,118,88,55,43,225,201,172,NR,189,162,66,310,27,37,57,42,2026-10-01,,,
Tiruppur,59,47,54,109,153,143,118,85,54,43,258,236,178,NR,190,167,71,265,28,32,63,42,2026-10-01,,,
Tenkasi,56,46,59,91,134,133,111,NR,53,46,233,NR,166,NR,188,155,66,275,30,35,60,35,2026-10-01,,,
Krishnagiri,63,47,45,94,138,135,117,90,52,44,208,202,155,NR,185,167,69,315,28,30,59,NR,2026-10-01,,,
Ariyalur,65,34,46,90,133,133,109,90,57,44,231,209,187,NR,192,167,71,293,26,40,52,43,2026-10-01,,,
Kallakurichi,59,49,66,94,137,128,113,89,54,48,253,225,178,NR,203,169,70,NR,31,37,45,32,2026-10-01,,,
Kancheepuram,65,51,67,99,145,140,123,96,54,44,220,225,191,NR,195,160,85,NR,30,45,60,35,2026-10-01,,,
Salem,55,48,48,95,128,NR,133,99,55,45,212,NR,176,NR,174,152,49,280,NR,33,59,29,2026-10-01,,,
Theni,68,45,57,93,134,132,111,85,50,45,230,220,169,NR,179,151,67,285,27,32,60,38,2026-10-01,,,
Chengalpattu,63,48,56,95,123,120,128,90,56,44,210,205,175,NR,164,145,71,NR,28,37,57,32,2026-10-01,,,
Mayiladuthurai,60,50,65,98,137,130,113,NR,56,48,246,220,220,NR,207,156,70,340,27,32,60,NR,2026-10-01,,,
Tirupattur,70,43,46,86,130,129,119,90,54,40,212,234,174,NR,188,144,70,305,29,30,50,40,2026-10-01,,,
Tiruvallur,57,45,66,89,134,132,119,95,55,40,218,210,169,NR,198,160,69,298,27,42,60,35,2026-10-01,,,
Hyderabad,65,44,44,93,125,135,104,84,55,63,197,220,165,192,197,153,62,250,20,35,53,28,2026-10-01,17.360589,78.4740613,SOUTH ZONE
Karimnagar,57,44,53,84,127,129,115,86,55,66,197,206,153,NR,192,152,63,299,25,27,56,26,2026-10-01,18.4346438,79.1322648,SOUTH ZONE
Warangal,61,42,49,83,122,134,113,86,55,65,198,209,136,143,199,150,61,275,19,30,55,27,2026-10-01,17.9819448,79.5969982,SOUTH ZONE
Adilabad,65,42,50,81,117,123,112,84,55,80,192,192,181,187,195,150,65,290,29,25,65,30,2026-10-01,19.5,78.5,SOUTH ZONE
Suryapet,65,44,46,88,130,132,114,100,52,65,193,192,181,184,200,145,65,265,22,30,60,30,2026-10-01,17.0800139,79.792533,SOUTH ZONE
Jadcherla,63,42,49,86,126,132,118,90,52,65,190,188,149,176,193,148,62,292,20,39,60,24,2026-10-01,16.7699159,78.1377227,SOUTH ZONE
Khammam,60,47,52,89,128,132,120,95,52,67,191,176,145,164,187,154,60,300,20,30,54,25,2026-10-01,,,
Medchal,64,43,45,90,128,128,113,78,55,64,197,220,165,168,190,143,60,250,22,30,60,26,2026-10-01,,,
Sangareddy,64,50,55,85,128,133,118,96,55,65,193,200,148,NR,198,145,67,412,25,35,70,40,2026-10-01,,,
Kothagudem,66,45,55,100,139,148,119,101,58,82,205,229,165,NR,196,166,72,353,32,39,62,42,2026-10-01,,,
Leh,53,NR,NR,140,NR,147,128,130,70,70,NR,220,NR,NR,NR,NR,80,640,30,48,60,70,2026-10-01,,,
Kargil,50,NR,47,130,140,130,130,109,80,66,NR,253,220,220,NR,NR,57,650,32,40,67,70,2026-10-01,,,
