Commodity,NORTH ZONE,WEST ZONE,EAST ZONE,NORTH-EAST ZONE,SOUTH ZONE,Date
Rice,42.02,44.28,42.54,42.35,60.6,01/10/2026
Wheat,30.15,34.85,32.38,40.92,44.98,01/10/2026
Atta ,35.88,39.4,38.46,45.35,47.8,01/10/2026
Gram Dal,89.41,88.18,86.37,95.4,93.1,01/10/2026
Tur/Arhar Dal,126.6,123.8,123.66,135.42,132.05,01/10/2026
Urad Dal,124.95,119.92,121.68,125.64,130.85,01/10/2026
Moong Dal,113.02,109.58,107.71,117.71,116.08,01/10/2026
Masoor Dal,90.0,90.85,86.28,93.35,90.68,01/10/2026
Sugar,54.66,55.46,55.82,60.94,53.85,01/10/2026
Milk ,61.44,62.36,59.38,76.0,54.95,01/10/2026
Groundnut Oil ,218.48,207.55,226.62,243.25,214.94,01/10/2026
Mustard Oil ,207.05,199.72,203.32,209.06,219.56,01/10/2026
Vanaspati ,177.27,166.05,168.22,191.33,171.7,01/10/2026
Soya Oil ,170.63,168.41,167.29,171.4,163.58,01/10/2026
Sunflower Oil ,186.32,186.95,193.08,206.73,196.55,01/10/2026
Palm Oil ,150.0,155.79,148.23,171.62,161.93,01/10/2026
Gur,64.17,64.54,64.65,79.77,66.1,01/10/2026
Tea,262.41,263.28,270.08,317.69,269.4,01/10/2026
Salt Pack ,26.88,20.64,25.98,19.82,21.0,01/10/2026
Potato,20.29,23.87,16.05,27.53,32.0,01/10/2026
Onion,53.78,50.21,51.88,67.53,56.42,01/10/2026
Tomato,41.17,36.79,41.68,60.94,34.8,01/10/2026
